player_id,season,week,route,fr
00-0024243,2025,9,0.0,0.0
00-0024243,2025,10,0.033,0.0
00-0024243,2025,11,0.024,0.0
00-0024243,2025,14,0.0,0.0
00-0024243,2025,17,0.023,0.0
00-0030035,2025,1,0.0,0.0
00-0030035,2025,2,0.0,0.0
00-0030035,2025,3,0.0,0.0
00-0030035,2025,4,0.0,0.0
00-0030035,2025,5,0.0,0.0
00-0030035,2025,7,0.0,0.0
00-0030035,2025,8,0.0,0.0
00-0030035,2025,9,0.0,0.0
00-0030035,2025,10,0.0,0.0
00-0030035,2025,11,0.0,0.0
00-0030035,2025,12,0.0,0.0
00-0030035,2025,14,0.0,0.0
00-0030035,2025,15,0.0,0.0
00-0030035,2025,16,0.0,0.0
00-0030035,2025,17,0.0,0.0
00-0030035,2025,18,0.0,0.0
00-0030061,2025,1,0.73,0.227
00-0030061,2025,2,0.784,0.19
00-0030061,2025,3,0.591,0.125
00-0030061,2025,4,0.759,0.231
00-0030061,2025,5,0.613,0.059
00-0030061,2025,6,0.829,0.316
00-0030061,2025,7,0.775,0.286
00-0030061,2025,8,0.6,0.294
00-0030061,2025,9,0.686,0.167
00-0030061,2025,10,0.808,0.111
00-0030061,2025,11,0.75,0.286
00-0030061,2025,13,0.745,0.275
00-0030061,2025,14,0.594,0.071
00-0030279,2025,1,0.78,0.28
00-0030279,2025,2,0.781,0.2
00-0030279,2025,3,0.774,0.219
00-0030279,2025,4,0.773,0.207
00-0030279,2025,5,0.615,0.304
00-0030279,2025,6,0.692,0.158
00-0030279,2025,7,0.721,0.355
00-0030279,2025,8,0.5,0.231
00-0030279,2025,9,0.513,0.125
00-0030279,2025,10,0.6,0.148
00-0030279,2025,11,0.656,0.286
00-0030279,2025,13,0.821,0.333
00-0030279,2025,14,0.732,0.231
00-0030279,2025,15,0.576,0.35
00-0030279,2025,16,0.515,0.19
00-0030279,2025,17,0.643,0.118
00-0030279,2025,18,0.56,0.355
00-0030506,2025,1,0.804,0.133
00-0030506,2025,2,0.737,0.25
00-0030506,2025,3,0.732,0.185
00-0030506,2025,4,0.725,0.172
00-0030506,2025,5,0.739,0.308
00-0030506,2025,6,0.579,0.286
00-0030506,2025,7,0.625,0.071
00-0030506,2025,8,0.75,0.174
00-0030506,2025,9,0.842,0.105
00-0030506,2025,11,0.694,0.286
00-0030506,2025,12,0.778,0.08
00-0030506,2025,13,0.75,0.227
00-0030506,2025,14,0.732,0.111
00-0030506,2025,15,0.85,0.278
00-0030506,2025,16,0.774,0.125
00-0030506,2025,17,0.792,0.308
00-0030506,2025,18,0.775,0.278
00-0030564,2025,1,0.5,0.067
00-0030564,2025,2,0.212,0.053
00-0030564,2025,3,0.211,0.1
00-0030564,2025,4,0.4,0.053
00-0030564,2025,5,0.238,0.083
00-0030564,2025,6,0.436,0.235
00-0030564,2025,8,0.44,0.056
00-0030564,2025,9,0.259,0.071
00-0030564,2025,10,0.333,0.111
00-0030564,2025,11,0.677,0.214
00-0030564,2025,12,0.586,0.188
00-0030564,2025,13,0.447,0.15
00-0030564,2025,14,0.175,0.059
00-0030564,2025,15,0.5,0.143
00-0030564,2025,16,0.455,0.333
00-0030564,2025,17,0.333,0.062
00-0030564,2025,18,0.333,0.0
00-0031236,2025,1,0.0,0.0
00-0031236,2025,2,0.0,0.0
00-0031236,2025,3,0.0,0.0
00-0031236,2025,4,0.0,0.0
00-0031236,2025,5,0.0,0.0
00-0031236,2025,6,0.0,0.0
00-0031236,2025,7,0.0,0.0
00-0031236,2025,8,0.0,0.0
00-0031236,2025,9,0.0,0.0
00-0031236,2025,10,0.0,0.0
00-0031236,2025,13,0.0,0.0
00-0031236,2025,14,0.0,0.0
00-0031236,2025,15,0.0,0.0
00-0031236,2025,16,0.0,0.0
00-0031236,2025,17,0.0,0.0
00-0031381,2025,1,0.812,0.296
00-0031381,2025,2,0.824,0.357
00-0031381,2025,3,1.0,0.25
00-0031381,2025,4,0.886,0.179
00-0031381,2025,5,0.83,0.258
00-0031381,2025,6,0.897,0.429
00-0031381,2025,7,0.676,0.364
00-0031381,2025,9,0.735,0.28
00-0031381,2025,10,0.622,0.286
00-0031381,2025,11,0.893,0.25
00-0031381,2025,12,0.778,0.261
00-0031381,2025,13,0.667,0.111
00-0031381,2025,14,0.645,0.217
00-0031381,2025,15,0.585,0.25
00-0031408,2025,1,0.838,0.3
00-0031408,2025,2,0.8,0.44
00-0031408,2025,3,0.697,0.3
00-0031408,2025,7,0.204,0.138
00-0031408,2025,15,0.65,0.381
00-0031408,2025,16,0.733,0.333
00-0031408,2025,17,0.78,0.2
00-0031408,2025,18,0.75,0.154
00-0031484,2025,1,0.067,0.0
00-0031484,2025,2,0.022,0.0
00-0031484,2025,3,0.053,0.0
00-0031484,2025,4,0.0,0.0
00-0031484,2025,5,0.0,0.0
00-0031484,2025,6,0.03,0.0
00-0031484,2025,7,0.027,0.0
00-0031484,2025,8,0.0,0.0
00-0031484,2025,9,0.026,0.0
00-0031484,2025,10,0.0,0.0
00-0031484,2025,11,0.0,0.0
00-0031484,2025,12,0.026,0.0
00-0031484,2025,13,0.0,0.0
00-0031484,2025,15,0.0,0.0
00-0031484,2025,16,0.0,0.0
00-0031484,2025,17,0.029,0.0
00-0031484,2025,18,0.125,0.045
00-0031588,2025,1,0.642,0.207
00-0031588,2025,2,0.467,0.238
00-0031588,2025,3,0.553,0.103
00-0031588,2025,4,0.773,0.417
00-0031588,2025,5,0.611,0.467
00-0031588,2025,6,0.645,0.167
00-0031588,2025,7,0.722,0.333
00-0031588,2025,8,0.647,0.19
00-0031588,2025,9,0.675,0.105
00-0031588,2025,10,0.722,0.211
00-0031588,2025,11,0.892,0.389
00-0031588,2025,12,0.513,0.111
00-0031588,2025,13,0.556,0.143
00-0031588,2025,15,0.586,0.176
00-0031588,2025,16,0.784,0.267
00-0031588,2025,17,0.679,0.278
00-0031588,2025,18,0.643,0.133
00-0031610,2025,4,0.37,0.2
00-0031610,2025,5,0.65,0.192
00-0031610,2025,6,0.75,0.053
00-0031610,2025,7,0.167,0.0
00-0031610,2025,13,0.679,0.188
00-0031610,2025,14,0.545,0.188
00-0031610,2025,15,0.636,0.444
00-0031610,2025,16,0.516,0.174
00-0031610,2025,17,0.44,0.188
00-0031763,2025,1,0.0,0.0
00-0031763,2025,2,0.0,0.0
00-0031763,2025,3,0.0,0.0
00-0031763,2025,4,0.0,0.0
00-0032211,2025,1,0.0,0.0
00-0032211,2025,2,0.0,0.0
00-0032211,2025,3,0.0,0.0
00-0032211,2025,4,0.0,0.0
00-0032211,2025,5,0.0,0.0
00-0032211,2025,6,0.0,0.0
00-0032211,2025,7,0.0,0.0
00-0032211,2025,9,0.0,0.0
00-0032211,2025,10,0.0,0.0
00-0032211,2025,11,0.0,0.0
00-0032211,2025,12,0.0,0.0
00-0032211,2025,13,0.0,0.0
00-0032211,2025,14,0.0,0.0
00-0032211,2025,15,0.0,0.0
00-0032211,2025,16,0.0,0.0
00-0032211,2025,17,0.0,0.0
00-0032211,2025,18,0.0,0.0
00-0032385,2025,1,0.676,0.1
00-0032385,2025,2,0.8,0.12
00-0032385,2025,3,0.697,0.15
00-0032385,2025,4,0.698,0.125
00-0032385,2025,5,0.421,0.115
00-0032385,2025,6,0.72,0.062
00-0032385,2025,7,0.722,0.069
00-0032385,2025,8,0.63,0.118
00-0032385,2025,10,0.756,0.115
00-0032385,2025,11,0.788,0.2
00-0032385,2025,12,0.571,0.174
00-0032385,2025,13,0.394,0.059
00-0032385,2025,14,0.571,0.056
00-0032392,2025,1,0.151,0.034
00-0032392,2025,2,0.433,0.143
00-0032392,2025,3,0.447,0.103
00-0032392,2025,4,0.545,0.083
00-0032392,2025,5,0.306,0.0
00-0032392,2025,6,0.452,0.0
00-0032392,2025,7,0.25,0.056
00-0032392,2025,8,0.294,0.095
00-0032392,2025,9,0.4,0.053
00-0032392,2025,10,0.306,0.053
00-0032392,2025,12,0.385,0.111
00-0032392,2025,13,0.167,0.0
00-0032392,2025,15,0.276,0.0
00-0032392,2025,16,0.255,0.067
00-0032392,2025,17,0.321,0.056
00-0032392,2025,18,0.321,0.067
00-0032394,2025,4,0.0,0.0
00-0032394,2025,5,0.0,0.0
00-0032394,2025,9,0.0,0.0
00-0032394,2025,14,0.0,0.0
00-0032394,2025,18,0.0,0.0
00-0032398,2025,1,0.189,0.0
00-0032398,2025,3,0.5,0.125
00-0032398,2025,4,0.793,0.154
00-0032398,2025,5,0.645,0.0
00-0032398,2025,6,0.743,0.263
00-0032398,2025,7,0.8,0.19
00-0032398,2025,8,0.343,0.0
00-0032398,2025,9,0.743,0.0
00-0032398,2025,10,0.192,0.0
00-0032398,2025,11,0.812,0.143
00-0032398,2025,13,0.2,0.0
00-0032398,2025,16,0.2,0.0
00-0032398,2025,17,0.115,0.077
00-0032398,2025,18,0.111,0.0
00-0032464,2025,1,0.721,0.143
00-0032464,2025,2,0.379,0.0
00-0032464,2025,3,0.379,0.048
00-0032464,2025,4,0.593,0.105
00-0032464,2025,5,0.0,0.0
00-0032464,2025,6,0.032,0.0
00-0032464,2025,7,0.441,0.0
00-0032464,2025,9,0.476,0.0
00-0032464,2025,10,0.457,0.143
00-0032464,2025,11,0.538,0.0
00-0032464,2025,12,0.256,0.065
00-0032464,2025,15,0.214,0.034
00-0032464,2025,16,0.298,0.077
00-0032464,2025,17,0.118,0.053
00-0032464,2025,18,0.244,0.12
00-0032688,2025,7,0.55,0.19
00-0032688,2025,10,0.269,0.222
00-0032688,2025,11,0.312,0.048
00-0032775,2025,4,0.325,0.053
00-0032775,2025,5,0.816,0.226
00-0032775,2025,6,0.191,0.13
00-0032775,2025,7,0.429,0.0
00-0032775,2025,8,0.639,0.048
00-0032775,2025,9,0.429,0.062
00-0032775,2025,10,0.538,0.158
00-0032775,2025,11,0.481,0.083
00-0032775,2025,12,0.636,0.056
00-0032775,2025,13,0.344,0.0
00-0032775,2025,15,0.324,0.045
00-0032775,2025,16,0.583,0.0
00-0032775,2025,17,0.289,0.056
00-0032775,2025,18,0.844,0.25
00-0032951,2025,7,0.0,0.0
00-0032951,2025,10,0.0,0.0
00-0032951,2025,12,0.0,0.0
00-0032951,2025,13,0.036,0.0
00-0032951,2025,14,0.205,0.0
00-0032951,2025,15,0.0,0.0
00-0032951,2025,16,0.079,0.0
00-0032951,2025,17,0.0,0.0
00-0032951,2025,18,0.079,0.0
00-0033040,2025,1,0.583,0.211
00-0033040,2025,2,0.811,0.278
00-0033040,2025,3,0.886,0.316
00-0033040,2025,4,0.444,0.25
00-0033090,2025,1,0.66,0.207
00-0033090,2025,2,0.633,0.143
00-0033090,2025,3,0.766,0.31
00-0033090,2025,4,0.773,0.167
00-0033090,2025,5,0.694,0.133
00-0033090,2025,6,0.645,0.167
00-0033090,2025,7,0.75,0.111
00-0033090,2025,8,0.735,0.048
00-0033090,2025,9,0.675,0.211
00-0033090,2025,10,0.833,0.158
00-0033090,2025,11,0.784,0.222
00-0033090,2025,12,0.744,0.389
00-0033090,2025,13,0.75,0.19
00-0033090,2025,15,0.828,0.176
00-0033090,2025,16,0.706,0.133
00-0033090,2025,17,0.679,0.167
00-0033090,2025,18,0.643,0.2
00-0033110,2025,1,0.562,0.0
00-0033110,2025,2,0.559,0.143
00-0033110,2025,3,0.618,0.042
00-0033110,2025,4,0.614,0.143
00-0033110,2025,6,0.448,0.143
00-0033110,2025,7,0.294,0.227
00-0033110,2025,9,0.471,0.08
00-0033110,2025,10,0.351,0.048
00-0033110,2025,11,0.357,0.125
00-0033110,2025,18,0.634,0.25
00-0033217,2025,1,0.273,0.056
00-0033217,2025,2,0.237,0.034
00-0033217,2025,3,0.148,0.0
00-0033217,2025,4,0.143,0.0
00-0033217,2025,5,0.188,0.0
00-0033217,2025,6,0.364,0.05
00-0033217,2025,7,0.143,0.0
00-0033217,2025,8,0.171,0.0
00-0033217,2025,9,0.182,0.029
00-0033217,2025,10,0.282,0.045
00-0033217,2025,12,0.121,0.036
00-0033217,2025,13,0.214,0.0
00-0033217,2025,14,0.154,0.042
00-0033217,2025,15,0.071,0.0
00-0033217,2025,16,0.105,0.0
00-0033217,2025,17,0.121,0.13
00-0033217,2025,18,0.211,0.087
00-0033246,2025,1,0.188,0.056
00-0033246,2025,2,0.068,0.0
00-0033246,2025,3,0.093,0.034
00-0033246,2025,4,0.129,0.0
00-0033246,2025,5,0.114,0.053
00-0033246,2025,6,0.26,0.043
00-0033246,2025,7,0.281,0.118
00-0033246,2025,9,0.263,0.0
00-0033246,2025,10,0.5,0.0
00-0033246,2025,11,0.292,0.091
00-0033246,2025,12,0.371,0.059
00-0033246,2025,13,0.156,0.0
00-0033246,2025,15,0.0,0.0
00-0033246,2025,16,0.14,0.0
00-0033246,2025,17,0.093,0.0
00-0033246,2025,18,0.083,0.0
00-0033282,2025,4,0.393,0.062
00-0033282,2025,5,0.436,0.059
00-0033282,2025,8,0.32,0.0
00-0033282,2025,9,0.4,0.0
00-0033282,2025,10,0.304,0.0
00-0033282,2025,11,0.438,0.105
00-0033288,2025,1,0.308,0.143
00-0033288,2025,7,0.75,0.143
00-0033288,2025,8,0.861,0.19
00-0033288,2025,9,0.714,0.188
00-0033288,2025,10,0.821,0.316
00-0033288,2025,11,0.889,0.333
00-0033288,2025,12,0.788,0.333
00-0033288,2025,13,0.875,0.176
00-0033288,2025,15,0.811,0.318
00-0033288,2025,16,0.583,0.368
00-0033288,2025,18,0.875,0.312
00-0033307,2025,2,0.548,0.12
00-0033307,2025,3,0.756,0.214
00-0033307,2025,4,0.65,0.053
00-0033307,2025,5,0.776,0.29
00-0033307,2025,6,0.809,0.391
00-0033307,2025,7,0.75,0.071
00-0033307,2025,8,0.778,0.143
00-0033307,2025,9,0.75,0.125
00-0033307,2025,10,0.59,0.0
00-0033307,2025,11,0.111,0.0
00-0033307,2025,12,0.061,0.0
00-0033307,2025,13,0.312,0.059
00-0033307,2025,15,0.459,0.091
00-0033307,2025,16,0.806,0.105
00-0033307,2025,17,0.211,0.056
00-0033307,2025,18,0.562,0.0
00-0033357,2025,5,0.031,0.0
00-0033357,2025,6,0.133,0.0
00-0033357,2025,7,0.135,0.067
00-0033357,2025,8,0.017,0.048
00-0033357,2025,9,0.12,0.0
00-0033357,2025,10,0.161,0.0
00-0033357,2025,12,0.096,0.0
00-0033357,2025,13,0.111,0.0
00-0033357,2025,14,0.333,0.143
00-0033357,2025,15,0.2,0.0
00-0033357,2025,16,0.352,0.132
00-0033357,2025,17,0.097,0.0
00-0033357,2025,18,0.286,0.083
00-0033375,2025,1,0.0,0.0
00-0033375,2025,2,0.114,0.036
00-0033375,2025,3,0.256,0.034
00-0033375,2025,4,0.129,0.062
00-0033375,2025,5,0.057,0.053
00-0033375,2025,6,0.14,0.0
00-0033375,2025,7,0.088,0.0
00-0033375,2025,10,0.625,0.0
00-0033375,2025,11,0.667,0.364
00-0033375,2025,12,0.486,0.176
00-0033375,2025,13,0.031,0.0
00-0033375,2025,14,0.636,0.133
00-0033375,2025,15,0.306,0.0
00-0033375,2025,16,0.186,0.062
00-0033375,2025,17,0.116,0.048
00-0033375,2025,18,0.222,0.0
00-0033439,2025,11,0.035,0.0
00-0033439,2025,12,0.051,0.0
00-0033439,2025,13,0.068,0.0
00-0033439,2025,14,0.02,0.0
00-0033439,2025,15,0.07,0.071
00-0033439,2025,16,0.091,0.0
00-0033439,2025,18,0.075,0.0
00-0033455,2025,12,0.047,0.0
00-0033455,2025,13,0.258,0.0
00-0033455,2025,14,0.543,0.037
00-0033455,2025,15,0.262,0.0
00-0033455,2025,16,0.333,0.051
00-0033455,2025,17,0.324,0.0
00-0033455,2025,18,0.578,0.08
00-0033555,2025,1,0.34,0.069
00-0033555,2025,2,0.533,0.095
00-0033555,2025,3,0.489,0.138
00-0033555,2025,4,0.409,0.083
00-0033555,2025,5,0.389,0.0
00-0033555,2025,6,0.484,0.167
00-0033555,2025,7,0.5,0.111
00-0033555,2025,8,0.706,0.333
00-0033555,2025,9,0.5,0.053
00-0033555,2025,10,0.806,0.368
00-0033555,2025,11,0.838,0.167
00-0033555,2025,12,0.744,0.278
00-0033555,2025,13,0.667,0.095
00-0033555,2025,15,0.759,0.471
00-0033555,2025,16,0.667,0.267
00-0033572,2025,1,0.0,0.0
00-0033572,2025,4,0.0,0.0
00-0033572,2025,6,0.0,0.0
00-0033572,2025,7,0.0,0.0
00-0033572,2025,8,0.0,0.0
00-0033572,2025,9,0.0,0.0
00-0033572,2025,10,0.0,0.0
00-0033572,2025,11,0.0,0.0
00-0033572,2025,12,0.0,0.0
00-0033572,2025,13,0.0,0.0
00-0033572,2025,14,0.0,0.0
00-0033576,2025,1,0.042,0.0
00-0033576,2025,2,0.086,0.0
00-0033576,2025,3,0.143,0.0
00-0033576,2025,4,0.1,0.0
00-0033576,2025,5,0.059,0.0
00-0033576,2025,6,0.138,0.0
00-0033576,2025,7,0.086,0.0
00-0033576,2025,15,0.162,0.0
00-0033576,2025,16,0.231,0.0
00-0033576,2025,17,0.194,0.0
00-0033576,2025,18,0.433,0.0
00-0033589,2025,1,0.15,0.0
00-0033589,2025,2,0.102,0.0
00-0033589,2025,3,0.889,0.05
00-0033589,2025,4,0.0,0.0
00-0033591,2025,1,0.514,0.091
00-0033591,2025,2,0.353,0.143
00-0033591,2025,14,0.688,0.143
00-0033591,2025,15,0.154,0.0
00-0033757,2025,1,0.043,0.0
00-0033757,2025,2,0.079,0.0
00-0033757,2025,3,0.073,0.0
00-0033757,2025,4,0.025,0.0
00-0033757,2025,5,0.065,0.0
00-0033757,2025,6,0.0,0.0
00-0033757,2025,7,0.05,0.0
00-0033757,2025,8,0.05,0.0
00-0033757,2025,9,0.026,0.0
00-0033757,2025,11,0.122,0.0
00-0033757,2025,12,0.037,0.0
00-0033757,2025,13,0.025,0.0
00-0033757,2025,14,0.0,0.0
00-0033757,2025,15,0.0,0.0
00-0033757,2025,16,0.0,0.0
00-0033757,2025,18,0.05,0.0
00-0033857,2025,1,0.717,0.1
00-0033857,2025,2,0.737,0.1
00-0033857,2025,3,0.61,0.111
00-0033857,2025,4,0.725,0.172
00-0033857,2025,5,0.522,0.077
00-0033857,2025,6,0.5,0.095
00-0033857,2025,7,0.35,0.107
00-0033857,2025,8,0.225,0.043
00-0033857,2025,9,0.211,0.0
00-0033857,2025,11,0.204,0.0
00-0033857,2025,12,0.315,0.08
00-0033857,2025,13,0.3,0.0
00-0033857,2025,14,0.22,0.0
00-0033857,2025,15,0.375,0.056
00-0033857,2025,16,0.806,0.188
00-0033857,2025,17,0.708,0.077
00-0033857,2025,18,0.725,0.056
00-0033858,2025,1,0.529,0.227
00-0033858,2025,2,0.526,0.176
00-0033858,2025,3,0.708,0.176
00-0033858,2025,4,0.4,0.0
00-0033858,2025,6,0.71,0.222
00-0033858,2025,7,0.771,0.048
00-0033858,2025,8,0.564,0.118
00-0033858,2025,9,0.41,0.13
00-0033858,2025,10,0.676,0.05
00-0033858,2025,11,0.485,0.083
00-0033858,2025,12,0.618,0.167
00-0033858,2025,13,0.4,0.167
00-0033858,2025,14,0.286,0.0
00-0033858,2025,15,0.233,0.154
00-0033858,2025,16,0.267,0.056
00-0033858,2025,17,0.275,0.333
00-0033858,2025,18,0.22,0.125
00-0033881,2025,1,0.302,0.13
00-0033881,2025,2,0.469,0.095
00-0033881,2025,4,0.591,0.13
00-0033881,2025,5,0.535,0.107
00-0033881,2025,6,0.455,0.25
00-0033881,2025,7,0.596,0.088
00-0033881,2025,8,0.552,0.16
00-0033881,2025,9,0.667,0.045
00-0033881,2025,10,0.667,0.182
00-0033881,2025,11,0.561,0.143
00-0033881,2025,13,0.688,0.333
00-0033881,2025,14,0.581,0.056
00-0033881,2025,15,0.333,0.062
00-0033881,2025,16,0.531,0.074
00-0033881,2025,17,0.364,0.045
00-0033881,2025,18,0.515,0.083
00-0033885,2025,1,0.792,0.08
00-0033885,2025,2,0.686,0.143
00-0033885,2025,3,0.757,0.25
00-0033885,2025,4,0.684,0.083
00-0033885,2025,5,0.8,0.286
00-0033885,2025,6,0.414,0.167
00-0033885,2025,8,0.526,0.222
00-0033885,2025,10,0.488,0.074
00-0033885,2025,11,0.545,0.059
00-0033885,2025,12,0.286,0.0
00-0033885,2025,13,0.367,0.0
00-0033885,2025,14,0.064,0.056
00-0033891,2025,1,0.432,0.043
00-0033891,2025,2,0.517,0.0
00-0033891,2025,3,0.525,0.125
00-0033891,2025,5,0.649,0.1
00-0033891,2025,6,0.83,0.25
00-0033891,2025,7,0.478,0.077
00-0033891,2025,9,0.486,0.0
00-0033891,2025,10,0.148,0.0
00-0033908,2025,1,0.875,0.167
00-0033908,2025,2,0.743,0.304
00-0033908,2025,3,0.714,0.091
00-0033908,2025,4,0.767,0.167
00-0033908,2025,5,0.853,0.32
00-0033908,2025,6,0.759,0.15
00-0033908,2025,7,0.8,0.05
00-0033908,2025,10,0.615,0.0
00-0033908,2025,11,0.822,0.2
00-0033908,2025,12,0.815,0.133
00-0033908,2025,13,0.8,0.167
00-0033908,2025,14,0.824,0.176
00-0033908,2025,15,0.757,0.4
00-0033908,2025,16,0.846,0.167
00-0033908,2025,17,0.742,0.176
00-0033908,2025,18,0.667,0.133
00-0033921,2025,4,0.884,0.25
00-0033921,2025,5,0.684,0.154
00-0033921,2025,12,0.381,0.043
00-0033921,2025,13,0.606,0.235
00-0033921,2025,14,0.8,0.222
00-0033921,2025,15,0.925,0.19
00-0033921,2025,16,0.767,0.333
00-0033921,2025,17,0.74,0.2
00-0033921,2025,18,0.5,0.077
00-0033943,2025,1,0.92,0.182
00-0033943,2025,4,0.714,0.067
00-0033943,2025,5,0.755,0.105
00-0033943,2025,6,0.931,0.25
00-0033943,2025,7,0.864,0.368
00-0034054,2025,17,0.0,0.0
00-0034054,2025,18,0.0,0.0
00-0034073,2025,3,0.0,0.0
00-0034073,2025,4,0.0,0.0
00-0034073,2025,5,0.036,0.0
00-0034073,2025,6,0.032,0.0
00-0034073,2025,7,0.029,0.0
00-0034073,2025,10,0.114,0.036
00-0034073,2025,11,0.0,0.0
00-0034073,2025,12,0.023,0.0
00-0034073,2025,13,0.484,0.125
00-0034073,2025,14,0.086,0.037
00-0034159,2025,1,0.512,0.04
00-0034159,2025,2,0.281,0.05
00-0034159,2025,6,0.205,0.053
00-0034159,2025,7,0.016,0.0
00-0034159,2025,14,0.122,0.077
00-0034159,2025,15,0.242,0.0
00-0034159,2025,16,0.242,0.048
00-0034159,2025,17,0.095,0.0
00-0034159,2025,18,0.4,0.129
00-0034270,2025,1,0.244,0.04
00-0034270,2025,2,0.312,0.0
00-0034270,2025,3,0.264,0.062
00-0034270,2025,4,0.227,0.034
00-0034270,2025,5,0.256,0.13
00-0034270,2025,6,0.0,0.0
00-0034270,2025,8,0.0,0.0
00-0034270,2025,10,0.175,0.037
00-0034270,2025,13,0.036,0.0
00-0034270,2025,18,0.32,0.032
00-0034272,2025,1,0.0,0.0
00-0034272,2025,2,0.0,0.0
00-0034272,2025,3,0.0,0.0
00-0034272,2025,5,0.0,0.0
00-0034272,2025,6,0.0,0.0
00-0034272,2025,14,0.0,0.0
00-0034272,2025,15,0.0,0.0
00-0034272,2025,16,0.0,0.0
00-0034272,2025,17,0.0,0.0
00-0034272,2025,18,0.0,0.0
00-0034348,2025,1,0.86,0.391
00-0034348,2025,2,0.594,0.19
00-0034348,2025,3,0.875,0.333
00-0034348,2025,4,0.75,0.13
00-0034348,2025,5,0.953,0.357
00-0034348,2025,6,0.727,0.15
00-0034348,2025,7,0.808,0.206
00-0034348,2025,8,0.793,0.2
00-0034348,2025,9,0.846,0.182
00-0034348,2025,10,0.867,0.182
00-0034348,2025,11,0.805,0.19
00-0034348,2025,13,0.771,0.143
00-0034348,2025,14,0.814,0.5
00-0034348,2025,15,0.833,0.375
00-0034348,2025,16,0.918,0.333
00-0034348,2025,17,0.773,0.364
00-0034348,2025,18,0.879,0.083
00-0034351,2025,1,0.848,0.3
00-0034351,2025,3,0.892,0.091
00-0034351,2025,4,0.742,0.222
00-0034351,2025,5,0.711,0.214
00-0034351,2025,6,0.789,0.412
00-0034351,2025,7,0.885,0.0
00-0034351,2025,8,0.704,0.214
00-0034351,2025,10,0.793,0.312
00-0034351,2025,11,0.871,0.19
00-0034351,2025,12,0.884,0.053
00-0034351,2025,13,0.812,0.105
00-0034351,2025,14,0.907,0.267
00-0034351,2025,15,0.727,0.5
00-0034351,2025,16,0.865,0.087
00-0034351,2025,17,0.793,0.294
00-0034365,2025,1,0.0,0.0
00-0034365,2025,2,0.0,0.0
00-0034365,2025,3,0.088,0.0
00-0034365,2025,4,0.227,0.0
00-0034365,2025,5,0.341,0.143
00-0034365,2025,6,0.08,0.111
00-0034365,2025,7,0.1,0.0
00-0034365,2025,9,0.047,0.048
00-0034365,2025,10,0.0,0.0
00-0034365,2025,11,0.102,0.043
00-0034365,2025,12,0.179,0.069
00-0034365,2025,13,0.321,0.059
00-0034365,2025,14,0.324,0.0
00-0034365,2025,17,0.171,0.0
00-0034365,2025,18,0.129,0.0
00-0034383,2025,1,0.588,0.1
00-0034383,2025,2,0.667,0.167
00-0034383,2025,3,0.714,0.207
00-0034383,2025,4,0.781,0.211
00-0034383,2025,5,0.571,0.24
00-0034383,2025,7,0.704,0.267
00-0034383,2025,8,0.738,0.033
00-0034383,2025,9,0.766,0.25
00-0034383,2025,10,0.776,0.222
00-0034383,2025,11,0.723,0.241
00-0034383,2025,12,0.742,0.167
00-0034383,2025,13,0.811,0.08
00-0034383,2025,14,0.886,0.176
00-0034383,2025,15,0.935,0.188
00-0034383,2025,16,0.75,0.13
00-0034383,2025,17,0.786,0.143
00-0034383,2025,18,0.515,0.188
00-0034386,2025,1,0.5,0.1
00-0034386,2025,2,0.467,0.167
00-0034386,2025,18,0.03,0.0
00-0034407,2025,1,0.0,0.0
00-0034407,2025,2,0.0,0.0
00-0034407,2025,3,0.0,0.0
00-0034407,2025,4,0.0,0.0
00-0034407,2025,9,0.0,0.0
00-0034407,2025,10,0.0,0.0
00-0034411,2025,1,0.487,0.0
00-0034418,2025,8,0.25,0.048
00-0034418,2025,9,0.071,0.04
00-0034418,2025,10,0.095,0.0
00-0034418,2025,11,0.261,0.0
00-0034418,2025,13,0.071,0.062
00-0034418,2025,14,0.091,0.0
00-0034418,2025,15,0.091,0.0
00-0034418,2025,16,0.258,0.043
00-0034418,2025,17,0.36,0.062
00-0034418,2025,18,0.4,0.053
00-0034419,2025,7,0.481,0.033
00-0034419,2025,8,0.333,0.167
00-0034419,2025,9,0.0,0.0
00-0034419,2025,10,0.0,0.0
00-0034487,2025,1,0.0,0.0
00-0034487,2025,2,0.0,0.0
00-0034487,2025,3,0.0,0.0
00-0034487,2025,4,0.0,0.0
00-0034487,2025,5,0.0,0.0
00-0034487,2025,6,0.0,0.0
00-0034487,2025,7,0.0,0.0
00-0034487,2025,8,0.0,0.0
00-0034487,2025,9,0.0,0.0
00-0034487,2025,10,0.0,0.0
00-0034487,2025,14,0.0,0.0
00-0034487,2025,15,0.0,0.0
00-0034521,2025,2,0.323,0.0
00-0034521,2025,3,0.239,0.083
00-0034521,2025,4,0.514,0.0
00-0034521,2025,5,0.321,0.0
00-0034521,2025,7,0.523,0.158
00-0034521,2025,8,0.676,0.083
00-0034521,2025,12,0.324,0.0
00-0034521,2025,13,0.268,0.0
00-0034521,2025,14,0.225,0.0
00-0034521,2025,15,0.244,0.167
00-0034613,2025,4,0.0,0.0
00-0034613,2025,5,0.022,0.0
00-0034613,2025,6,0.341,0.08
00-0034613,2025,8,0.25,0.077
00-0034613,2025,9,0.2,0.0
00-0034613,2025,11,0.415,0.12
00-0034613,2025,12,0.289,0.045
00-0034613,2025,13,0.083,0.031
00-0034613,2025,14,0.108,0.037
00-0034613,2025,15,0.364,0.154
00-0034613,2025,16,0.25,0.045
00-0034613,2025,17,0.171,0.048
00-0034613,2025,18,0.071,0.0
00-0034753,2025,1,0.591,0.067
00-0034753,2025,2,0.758,0.158
00-0034753,2025,3,0.684,0.3
00-0034753,2025,4,0.575,0.316
00-0034753,2025,5,0.524,0.25
00-0034753,2025,6,0.718,0.235
00-0034753,2025,8,0.52,0.111
00-0034753,2025,9,0.519,0.143
00-0034753,2025,10,0.606,0.278
00-0034753,2025,11,0.645,0.286
00-0034753,2025,12,0.655,0.188
00-0034753,2025,13,0.658,0.2
00-0034753,2025,14,0.825,0.059
00-0034753,2025,15,0.556,0.429
00-0034753,2025,16,0.455,0.067
00-0034753,2025,17,0.625,0.25
00-0034753,2025,18,0.571,0.1
00-0034775,2025,3,0.714,0.207
00-0034775,2025,4,0.625,0.158
00-0034775,2025,5,0.543,0.16
00-0034775,2025,9,0.702,0.143
00-0034775,2025,10,0.449,0.056
00-0034775,2025,11,0.553,0.069
00-0034775,2025,12,0.387,0.222
00-0034775,2025,13,0.459,0.0
00-0034775,2025,14,0.429,0.118
00-0034775,2025,15,0.387,0.0
00-0034775,2025,16,0.556,0.174
00-0034775,2025,17,0.607,0.143
00-0034775,2025,18,0.727,0.062
00-0034798,2025,1,0.023,0.0
00-0034798,2025,2,0.025,0.0
00-0034798,2025,3,0.103,0.0
00-0034798,2025,4,0.268,0.0
00-0034798,2025,6,0.03,0.0
00-0034798,2025,7,0.185,0.0
00-0034798,2025,8,0.098,0.0
00-0034798,2025,9,0.136,0.0
00-0034798,2025,10,0.073,0.0
00-0034798,2025,11,0.111,0.095
00-0034798,2025,12,0.189,0.0
00-0034798,2025,13,0.1,0.0
00-0034798,2025,14,0.231,0.0
00-0034798,2025,15,0.125,0.0
00-0034798,2025,16,0.027,0.0
00-0034798,2025,17,0.067,0.0
00-0034798,2025,18,0.086,0.0
00-0034827,2025,1,0.814,0.167
00-0034827,2025,2,0.925,0.208
00-0034827,2025,3,0.759,0.118
00-0034827,2025,4,0.78,0.105
00-0034827,2025,6,0.758,0.174
00-0034827,2025,7,0.889,0.25
00-0034827,2025,8,0.829,0.12
00-0034827,2025,9,0.75,0.235
00-0034827,2025,10,0.634,0.13
00-0034827,2025,11,0.806,0.143
00-0034827,2025,12,0.703,0.304
00-0034827,2025,13,0.825,0.1
00-0034827,2025,14,0.821,0.25
00-0034827,2025,15,0.75,0.136
00-0034827,2025,16,0.946,0.333
00-0034827,2025,17,0.867,0.19
00-0034827,2025,18,0.743,0.136
00-0034829,2025,1,0.321,0.2
00-0034829,2025,2,0.625,0.062
00-0034829,2025,3,0.323,0.125
00-0034829,2025,4,0.552,0.059
00-0034829,2025,5,0.444,0.143
00-0034829,2025,6,0.023,0.0
00-0034829,2025,12,0.658,0.273
00-0034829,2025,13,0.396,0.094
00-0034829,2025,14,0.459,0.148
00-0034829,2025,15,0.75,0.077
00-0034829,2025,16,0.667,0.182
00-0034829,2025,17,0.415,0.048
00-0034829,2025,18,0.405,0.105
00-0034837,2025,1,0.912,0.278
00-0034837,2025,2,0.78,0.286
00-0034837,2025,3,0.8,0.3
00-0034837,2025,4,0.414,0.182
00-0034837,2025,5,0.786,0.346
00-0034837,2025,6,0.07,0.056
00-0034837,2025,11,0.023,0.05
00-0034854,2025,1,0.17,0.036
00-0034854,2025,2,0.0,0.0
00-0034854,2025,3,0.044,0.0
00-0034854,2025,6,0.0,0.0
00-0034854,2025,7,0.048,0.0
00-0034854,2025,8,0.656,0.312
00-0034854,2025,9,0.0,0.0
00-0034854,2025,10,0.0,0.0
00-0034854,2025,11,0.065,0.053
00-0034854,2025,12,0.115,0.0
00-0034854,2025,15,0.0,0.0
00-0034860,2025,10,0.0,0.0
00-0034860,2025,12,0.115,0.037
00-0034860,2025,13,0.022,0.0
00-0034860,2025,14,0.083,0.0
00-0034860,2025,15,0.025,0.0
00-0034860,2025,16,0.148,0.026
00-0034860,2025,17,0.742,0.105
00-0034860,2025,18,0.762,0.167
00-0034867,2025,3,0.0,0.0
00-0034867,2025,5,0.061,0.0
00-0034867,2025,7,0.071,0.0
00-0034928,2025,16,0.03,0.0
00-0034928,2025,17,0.049,0.0
00-0034928,2025,18,0.0,0.0
00-0034960,2025,1,0.0,0.0
00-0034960,2025,2,0.0,0.0
00-0034960,2025,3,0.0,0.0
00-0034960,2025,4,0.0,0.0
00-0034960,2025,5,0.0,0.0
00-0034960,2025,6,0.0,0.0
00-0034960,2025,9,0.0,0.0
00-0034960,2025,10,0.0,0.0
00-0034960,2025,11,0.0,0.0
00-0034960,2025,12,0.0,0.0
00-0034960,2025,13,0.0,0.0
00-0034960,2025,14,0.0,0.0
00-0034960,2025,15,0.0,0.0
00-0034960,2025,16,0.0,0.0
00-0034960,2025,17,0.0,0.0
00-0034960,2025,18,0.0,0.0
00-0034981,2025,5,0.125,0.0
00-0034981,2025,6,0.2,0.091
00-0034981,2025,7,0.108,0.0
00-0034981,2025,8,0.117,0.048
00-0034981,2025,9,0.08,0.0
00-0034981,2025,10,0.323,0.133
00-0034981,2025,12,0.115,0.0
00-0034981,2025,13,0.178,0.048
00-0034981,2025,14,0.125,0.071
00-0034981,2025,15,0.225,0.0
00-0034981,2025,16,0.185,0.0
00-0034983,2025,1,0.825,0.136
00-0034983,2025,2,0.881,0.182
00-0034983,2025,3,0.37,0.15
00-0034983,2025,4,0.553,0.083
00-0034983,2025,5,0.576,0.059
00-0034983,2025,6,0.296,0.071
00-0035021,2025,1,0.0,0.0
00-0035021,2025,2,0.079,0.0
00-0035021,2025,3,0.111,0.0
00-0035021,2025,4,0.114,0.042
00-0035021,2025,5,0.812,0.217
00-0035021,2025,6,0.03,0.0
00-0035021,2025,8,0.171,0.048
00-0035021,2025,9,0.055,0.0
00-0035021,2025,10,0.128,0.0
00-0035021,2025,12,0.091,0.036
00-0035021,2025,17,0.121,0.0
00-0035021,2025,18,0.211,0.043
00-0035039,2025,4,0.098,0.0
00-0035039,2025,8,0.0,0.0
00-0035140,2025,11,0.062,0.053
00-0035140,2025,16,0.0,0.0
00-0035208,2025,1,0.558,0.333
00-0035208,2025,2,0.45,0.125
00-0035208,2025,3,0.517,0.118
00-0035208,2025,4,0.585,0.211
00-0035208,2025,6,0.667,0.174
00-0035208,2025,7,0.556,0.125
00-0035208,2025,8,0.634,0.24
00-0035208,2025,9,0.659,0.235
00-0035208,2025,10,0.61,0.13
00-0035208,2025,11,0.139,0.0
00-0035208,2025,12,0.243,0.0
00-0035208,2025,13,0.2,0.1
00-0035208,2025,14,0.718,0.0
00-0035208,2025,15,0.625,0.091
00-0035208,2025,16,0.865,0.083
00-0035208,2025,18,0.143,0.0
00-0035229,2025,1,0.75,0.25
00-0035229,2025,2,0.767,0.154
00-0035229,2025,3,0.621,0.316
00-0035229,2025,4,0.83,0.091
00-0035229,2025,5,0.707,0.143
00-0035229,2025,7,0.804,0.148
00-0035229,2025,8,0.75,0.1
00-0035229,2025,9,0.774,0.133
00-0035229,2025,10,0.809,0.0
00-0035229,2025,11,0.688,0.208
00-0035229,2025,12,0.56,0.083
00-0035229,2025,13,0.735,0.167
00-0035229,2025,14,0.586,0.143
00-0035229,2025,15,0.808,0.167
00-0035229,2025,16,0.552,0.0
00-0035249,2025,1,0.167,0.062
00-0035249,2025,2,0.1,0.0
00-0035249,2025,3,0.103,0.053
00-0035249,2025,4,0.113,0.0
00-0035249,2025,5,0.195,0.107
00-0035249,2025,7,0.174,0.0
00-0035249,2025,8,0.028,0.0
00-0035249,2025,11,0.094,0.0
00-0035249,2025,12,0.32,0.083
00-0035249,2025,13,0.206,0.0
00-0035249,2025,14,0.207,0.095
00-0035249,2025,15,0.308,0.056
00-0035249,2025,16,0.276,0.056
00-0035249,2025,17,0.76,0.2
00-0035249,2025,18,0.324,0.0
00-0035298,2025,1,0.118,0.0
00-0035298,2025,2,0.158,0.0
00-0035298,2025,3,0.083,0.0
00-0035298,2025,4,0.2,0.1
00-0035298,2025,6,0.484,0.0
00-0035298,2025,7,0.086,0.048
00-0035298,2025,11,0.0,0.0
00-0035298,2025,12,0.029,0.0
00-0035298,2025,14,0.0,0.0
00-0035298,2025,15,0.133,0.0
00-0035298,2025,16,0.267,0.167
00-0035298,2025,17,0.725,0.417
00-0035298,2025,18,0.24,0.062
00-0035359,2025,1,0.021,0.0
00-0035359,2025,2,0.083,0.0
00-0035359,2025,3,0.333,0.045
00-0035359,2025,4,0.071,0.0
00-0035359,2025,6,0.457,0.0
00-0035359,2025,7,0.452,0.0
00-0035359,2025,8,0.969,0.125
00-0035359,2025,9,0.625,0.045
00-0035359,2025,10,0.516,0.053
00-0035359,2025,11,0.613,0.0
00-0035359,2025,12,0.615,0.154
00-0035359,2025,13,0.771,0.13
00-0035359,2025,14,0.806,0.2
00-0035359,2025,15,0.932,0.28
00-0035359,2025,16,0.306,0.0
00-0035359,2025,17,0.35,0.083
00-0035359,2025,18,0.667,0.0
00-0035406,2025,6,0.0,0.0
00-0035406,2025,7,0.0,0.0
00-0035406,2025,8,0.0,0.0
00-0035406,2025,11,0.0,0.0
00-0035406,2025,13,0.0,0.0
00-0035406,2025,14,0.0,0.0
00-0035406,2025,15,0.0,0.0
00-0035406,2025,16,0.0,0.0
00-0035406,2025,17,0.0,0.0
00-0035406,2025,18,0.0,0.0
00-0035500,2025,1,0.216,0.043
00-0035500,2025,2,0.172,0.077
00-0035500,2025,3,0.25,0.042
00-0035500,2025,4,0.647,0.154
00-0035500,2025,5,0.081,0.05
00-0035500,2025,6,0.426,0.083
00-0035500,2025,7,0.13,0.038
00-0035500,2025,9,0.297,0.0
00-0035500,2025,10,0.389,0.0
00-0035500,2025,11,0.702,0.143
00-0035500,2025,12,0.627,0.2
00-0035500,2025,13,0.295,0.067
00-0035535,2025,1,0.933,0.043
00-0035535,2025,2,0.956,0.074
00-0035535,2025,3,0.711,0.2
00-0035535,2025,4,0.633,0.188
00-0035535,2025,5,0.556,0.192
00-0035535,2025,8,0.613,0.231
00-0035535,2025,9,0.897,0.316
00-0035535,2025,10,0.581,0.15
00-0035535,2025,12,0.615,0.074
00-0035535,2025,13,0.767,0.158
00-0035535,2025,15,0.795,0.357
00-0035535,2025,16,0.842,0.111
00-0035535,2025,17,0.857,0.1
00-0035535,2025,18,0.825,0.318
00-0035544,2025,13,0.677,0.125
00-0035544,2025,14,0.114,0.0
00-0035544,2025,15,0.0,0.0
00-0035544,2025,16,0.0,0.0
00-0035544,2025,17,0.0,0.0
00-0035544,2025,18,0.022,0.0
00-0035602,2025,1,0.026,0.0
00-0035602,2025,2,0.021,0.0
00-0035602,2025,3,0.0,0.0
00-0035602,2025,5,0.073,0.048
00-0035602,2025,6,0.04,0.0
00-0035602,2025,7,0.05,0.0
00-0035602,2025,9,0.0,0.0
00-0035602,2025,10,0.057,0.0
00-0035602,2025,12,0.0,0.0
00-0035602,2025,13,0.0,0.0
00-0035602,2025,16,0.115,0.059
00-0035602,2025,17,0.114,0.0
00-0035602,2025,18,0.0,0.0
00-0035631,2025,1,0.357,0.0
00-0035631,2025,2,0.146,0.0
00-0035631,2025,3,0.355,0.0
00-0035631,2025,4,0.172,0.0
00-0035631,2025,5,0.267,0.0
00-0035631,2025,6,0.182,0.04
00-0035631,2025,7,0.204,0.0
00-0035631,2025,8,0.194,0.0
00-0035631,2025,9,0.18,0.0
00-0035631,2025,11,0.366,0.0
00-0035631,2025,12,0.289,0.0
00-0035631,2025,13,0.396,0.031
00-0035631,2025,14,0.135,0.0
00-0035631,2025,15,0.318,0.038
00-0035631,2025,16,0.25,0.0
00-0035631,2025,17,0.366,0.048
00-0035631,2025,18,0.571,0.0
00-0035639,2025,6,0.0,0.0
00-0035640,2025,1,0.794,0.273
00-0035640,2025,2,0.921,0.294
00-0035640,2025,3,0.875,0.235
00-0035640,2025,4,0.84,0.5
00-0035640,2025,6,0.871,0.444
00-0035640,2025,7,0.914,0.286
00-0035640,2025,8,0.872,0.235
00-0035640,2025,9,0.769,0.174
00-0035640,2025,10,0.912,0.3
00-0035640,2025,11,0.939,0.5
00-0035640,2025,12,0.794,0.278
00-0035640,2025,13,0.88,0.417
00-0035640,2025,14,0.914,0.667
00-0035640,2025,15,0.7,0.231
00-0035640,2025,16,0.844,0.444
00-0035644,2025,1,0.464,0.133
00-0035644,2025,2,0.208,0.125
00-0035644,2025,3,0.355,0.188
00-0035644,2025,5,0.178,0.0
00-0035644,2025,6,0.432,0.04
00-0035644,2025,7,0.735,0.088
00-0035644,2025,8,0.333,0.115
00-0035644,2025,9,0.44,0.097
00-0035644,2025,11,0.415,0.08
00-0035644,2025,12,0.158,0.045
00-0035644,2025,13,0.292,0.062
00-0035644,2025,14,0.243,0.074
00-0035644,2025,15,0.136,0.0
00-0035644,2025,17,0.098,0.0
00-0035644,2025,18,0.143,0.0
00-0035645,2025,1,0.0,0.0
00-0035645,2025,2,0.0,0.0
00-0035645,2025,3,0.026,0.0
00-0035645,2025,4,0.0,0.0
00-0035645,2025,5,0.0,0.0
00-0035645,2025,6,0.03,0.0
00-0035645,2025,7,0.027,0.0
00-0035645,2025,8,0.0,0.0
00-0035645,2025,9,0.077,0.0
00-0035645,2025,10,0.372,0.0
00-0035645,2025,11,0.0,0.0
00-0035645,2025,12,0.051,0.0
00-0035645,2025,13,0.033,0.0
00-0035645,2025,16,0.053,0.0
00-0035645,2025,17,0.143,0.0
00-0035645,2025,18,0.875,0.318
00-0035659,2025,1,0.838,0.182
00-0035659,2025,2,0.922,0.381
00-0035659,2025,3,0.545,0.25
00-0035659,2025,8,0.429,0.176
00-0035659,2025,13,0.582,0.275
00-0035659,2025,14,0.656,0.286
00-0035659,2025,15,0.846,0.333
00-0035659,2025,16,0.92,0.333
00-0035659,2025,17,0.808,0.154
00-0035659,2025,18,0.778,0.2
00-0035662,2025,1,0.957,0.4
00-0035662,2025,2,0.789,0.2
00-0035662,2025,3,0.756,0.222
00-0035662,2025,4,0.525,0.138
00-0035662,2025,5,0.543,0.154
00-0035662,2025,6,0.526,0.095
00-0035662,2025,7,0.45,0.107
00-0035662,2025,8,0.475,0.043
00-0035662,2025,9,0.5,0.158
00-0035662,2025,11,0.347,0.086
00-0035662,2025,12,0.426,0.0
00-0035662,2025,13,0.375,0.091
00-0035662,2025,14,0.439,0.111
00-0035662,2025,16,0.581,0.125
00-0035662,2025,17,0.667,0.231
00-0035662,2025,18,0.775,0.222
00-0035676,2025,1,0.939,0.1
00-0035676,2025,2,0.88,0.467
00-0035676,2025,3,0.946,0.409
00-0035676,2025,4,0.903,0.444
00-0035676,2025,5,0.844,0.214
00-0035676,2025,6,0.947,0.353
00-0035676,2025,7,1.0,0.333
00-0035676,2025,10,0.724,0.125
00-0035676,2025,11,0.968,0.524
00-0035676,2025,12,0.907,0.474
00-0035676,2025,13,0.938,0.316
00-0035676,2025,14,0.884,0.367
00-0035676,2025,15,0.682,0.143
00-0035676,2025,16,0.973,0.478
00-0035676,2025,17,0.862,0.353
00-0035689,2025,1,0.412,0.077
00-0035689,2025,2,0.484,0.222
00-0035689,2025,3,0.344,0.0
00-0035689,2025,4,0.321,0.062
00-0035689,2025,5,0.385,0.0
00-0035689,2025,6,0.735,0.056
00-0035689,2025,8,0.24,0.0
00-0035689,2025,9,0.2,0.067
00-0035689,2025,10,0.565,0.091
00-0035689,2025,11,0.719,0.158
00-0035689,2025,12,0.778,0.167
00-0035689,2025,13,0.704,0.167
00-0035689,2025,14,0.444,0.278
00-0035689,2025,15,0.424,0.176
00-0035689,2025,16,0.522,0.0
00-0035689,2025,17,0.619,0.25
00-0035689,2025,18,0.1,0.05
00-0035719,2025,1,0.784,0.364
00-0035719,2025,2,0.863,0.19
00-0035719,2025,3,0.409,0.125
00-0035719,2025,4,0.966,0.231
00-0035719,2025,5,0.903,0.588
00-0035719,2025,6,0.857,0.263
00-0035719,2025,8,0.686,0.176
00-0035719,2025,9,0.771,0.5
00-0035719,2025,10,0.808,0.278
00-0035719,2025,11,0.875,0.333
00-0035719,2025,13,0.745,0.175
00-0035719,2025,14,0.688,0.286
00-0035719,2025,15,0.808,0.333
00-0035719,2025,16,0.96,0.333
00-0035719,2025,17,0.808,0.154
00-0035719,2025,18,0.852,0.2
00-0035876,2025,11,0.211,0.029
00-0035876,2025,12,0.186,0.0
00-0035876,2025,13,0.0,0.0
00-0035876,2025,14,0.72,0.067
00-0035876,2025,15,0.14,0.0
00-0035891,2025,1,0.083,0.0
00-0035891,2025,9,0.625,0.143
00-0035891,2025,10,0.308,0.0
00-0035891,2025,11,0.111,0.0
00-0035891,2025,12,0.111,0.0
00-0035891,2025,13,0.133,0.083
00-0035891,2025,14,0.147,0.0
00-0035891,2025,16,0.051,0.0
00-0035956,2025,15,0.0,0.0
00-0035956,2025,16,0.035,0.0
00-0035956,2025,17,0.118,0.053
00-0035976,2025,10,0.0,0.0
00-0036032,2025,18,0.053,0.0
00-0036040,2025,1,0.83,0.429
00-0036040,2025,2,0.85,0.45
00-0036040,2025,3,0.667,0.292
00-0036040,2025,4,0.857,0.273
00-0036040,2025,5,0.812,0.111
00-0036040,2025,6,0.8,0.091
00-0036040,2025,7,0.811,0.4
00-0036040,2025,8,0.733,0.333
00-0036040,2025,9,0.76,0.25
00-0036040,2025,10,0.71,0.133
00-0036040,2025,12,0.769,0.185
00-0036040,2025,13,0.711,0.286
00-0036040,2025,14,0.583,0.214
00-0036040,2025,15,0.675,0.211
00-0036040,2025,16,0.611,0.184
00-0036040,2025,17,0.742,0.105
00-0036040,2025,18,0.881,0.125
00-0036133,2025,8,0.048,0.0
00-0036133,2025,9,0.269,0.0
00-0036133,2025,12,0.4,0.1
00-0036133,2025,13,0.143,0.038
00-0036133,2025,14,0.172,0.0
00-0036133,2025,15,0.241,0.0
00-0036133,2025,16,0.161,0.0
00-0036133,2025,17,0.543,0.143
00-0036133,2025,18,0.4,0.042
00-0036145,2025,16,0.0,0.0
00-0036165,2025,11,0.774,0.15
00-0036165,2025,12,0.744,0.148
00-0036165,2025,13,0.733,0.0
00-0036165,2025,15,0.727,0.071
00-0036165,2025,16,0.684,0.0
00-0036165,2025,17,0.886,0.1
00-0036165,2025,18,0.85,0.091
00-0036176,2025,7,0.077,0.0
00-0036176,2025,8,0.048,0.0
00-0036176,2025,9,0.038,0.0
00-0036176,2025,11,0.605,0.1
00-0036176,2025,12,0.08,0.0
00-0036176,2025,14,0.0,0.0
00-0036176,2025,15,0.0,0.0
00-0036176,2025,16,0.0,0.0
00-0036176,2025,17,0.13,0.0
00-0036176,2025,18,0.0,0.0
00-0036182,2025,1,0.333,0.053
00-0036182,2025,2,0.162,0.0
00-0036182,2025,3,0.143,0.0
00-0036182,2025,4,0.37,0.05
00-0036182,2025,5,0.575,0.0
00-0036182,2025,6,0.5,0.053
00-0036182,2025,7,0.722,0.15
00-0036182,2025,8,0.357,0.143
00-0036182,2025,9,0.667,0.12
00-0036182,2025,10,0.476,0.062
00-0036182,2025,11,0.217,0.0
00-0036182,2025,13,0.25,0.0
00-0036182,2025,14,0.318,0.0
00-0036182,2025,15,0.364,0.0
00-0036182,2025,18,0.0,0.0
00-0036196,2025,11,0.438,0.158
00-0036196,2025,12,0.489,0.056
00-0036196,2025,13,0.63,0.167
00-0036196,2025,14,0.611,0.056
00-0036196,2025,17,0.31,0.05
00-0036196,2025,18,0.933,0.3
00-0036232,2025,2,0.2,0.0
00-0036232,2025,3,0.071,0.0
00-0036232,2025,4,0.031,0.0
00-0036232,2025,5,0.2,0.04
00-0036232,2025,7,0.204,0.0
00-0036232,2025,8,0.071,0.033
00-0036232,2025,9,0.106,0.036
00-0036232,2025,10,0.02,0.0
00-0036232,2025,15,0.0,0.0
00-0036232,2025,16,0.111,0.0
00-0036232,2025,17,0.036,0.0
00-0036232,2025,18,0.091,0.0
00-0036244,2025,1,0.281,0.074
00-0036244,2025,3,0.118,0.0
00-0036244,2025,4,0.159,0.036
00-0036244,2025,5,0.298,0.032
00-0036244,2025,7,0.206,0.091
00-0036244,2025,9,0.176,0.0
00-0036244,2025,10,0.351,0.095
00-0036244,2025,11,0.321,0.125
00-0036244,2025,12,0.5,0.174
00-0036244,2025,13,0.433,0.167
00-0036244,2025,14,0.71,0.13
00-0036244,2025,15,0.585,0.188
00-0036244,2025,16,0.706,0.148
00-0036244,2025,17,0.61,0.087
00-0036244,2025,18,0.634,0.167
00-0036252,2025,1,0.848,0.333
00-0036252,2025,2,0.789,0.172
00-0036252,2025,3,0.852,0.375
00-0036252,2025,4,0.886,0.417
00-0036252,2025,5,0.844,0.174
00-0036252,2025,6,0.788,0.1
00-0036252,2025,7,0.857,0.346
00-0036252,2025,8,0.743,0.333
00-0036252,2025,9,0.909,0.286
00-0036252,2025,10,0.897,0.091
00-0036252,2025,12,0.818,0.286
00-0036252,2025,13,0.821,0.222
00-0036252,2025,14,0.872,0.333
00-0036252,2025,15,0.929,0.217
00-0036252,2025,16,0.921,0.115
00-0036252,2025,17,0.788,0.13
00-0036252,2025,18,0.737,0.174
00-0036259,2025,1,0.564,0.238
00-0036259,2025,2,0.857,0.32
00-0036259,2025,4,0.725,0.211
00-0036259,2025,6,0.766,0.13
00-0036259,2025,7,0.857,0.5
00-0036259,2025,8,0.778,0.333
00-0036259,2025,9,0.75,0.312
00-0036259,2025,10,0.846,0.316
00-0036259,2025,11,0.778,0.333
00-0036259,2025,12,0.848,0.333
00-0036259,2025,13,0.781,0.353
00-0036259,2025,15,0.811,0.182
00-0036259,2025,16,0.917,0.316
00-0036259,2025,17,0.921,0.167
00-0036259,2025,18,0.812,0.25
00-0036290,2025,1,0.651,0.111
00-0036290,2025,2,0.75,0.083
00-0036290,2025,3,0.655,0.059
00-0036290,2025,4,0.756,0.158
00-0036290,2025,6,0.303,0.043
00-0036290,2025,7,0.185,0.062
00-0036290,2025,9,0.091,0.118
00-0036290,2025,10,0.439,0.043
00-0036290,2025,11,0.639,0.095
00-0036290,2025,12,0.432,0.0
00-0036290,2025,13,0.4,0.1
00-0036290,2025,14,0.513,0.167
00-0036290,2025,15,0.469,0.136
00-0036290,2025,16,0.757,0.167
00-0036290,2025,17,0.467,0.143
00-0036290,2025,18,0.657,0.045
00-0036309,2025,2,0.958,0.133
00-0036309,2025,3,0.867,0.409
00-0036309,2025,4,0.429,0.062
00-0036309,2025,7,0.762,0.2
00-0036309,2025,8,0.906,0.25
00-0036309,2025,9,0.925,0.045
00-0036309,2025,10,0.903,0.368
00-0036309,2025,11,0.903,0.211
00-0036309,2025,12,0.885,0.231
00-0036309,2025,13,0.857,0.217
00-0036309,2025,14,0.71,0.15
00-0036309,2025,15,0.932,0.24
00-0036309,2025,16,0.806,0.087
00-0036309,2025,17,0.8,0.25
00-0036309,2025,18,0.861,0.227
00-0036322,2025,1,0.958,0.375
00-0036322,2025,2,0.967,0.308
00-0036322,2025,3,0.862,0.316
00-0036322,2025,4,0.981,0.364
00-0036322,2025,5,0.927,0.357
00-0036322,2025,7,0.978,0.333
00-0036322,2025,8,0.861,0.45
00-0036322,2025,9,0.903,0.4
00-0036322,2025,10,0.957,0.55
00-0036322,2025,11,1.0,0.375
00-0036322,2025,12,0.92,0.417
00-0036322,2025,13,0.971,0.167
00-0036322,2025,14,0.793,0.143
00-0036322,2025,15,0.962,0.389
00-0036322,2025,16,1.0,0.444
00-0036322,2025,17,1.0,0.5
00-0036322,2025,18,0.853,0.421
00-0036331,2025,1,0.0,0.0
00-0036331,2025,2,0.0,0.0
00-0036331,2025,3,0.0,0.0
00-0036331,2025,4,0.0,0.0
00-0036331,2025,6,0.0,0.0
00-0036331,2025,7,0.0,0.0
00-0036331,2025,8,0.22,0.12
00-0036331,2025,9,0.023,0.0
00-0036331,2025,10,0.0,0.0
00-0036331,2025,11,0.0,0.0
00-0036331,2025,12,0.0,0.0
00-0036331,2025,13,0.0,0.0
00-0036331,2025,14,0.026,0.0
00-0036331,2025,15,0.125,0.0
00-0036331,2025,16,0.054,0.0
00-0036331,2025,17,0.111,0.0
00-0036331,2025,18,0.0,0.0
00-0036332,2025,2,0.0,0.0
00-0036332,2025,7,0.087,0.0
00-0036332,2025,9,0.081,0.0
00-0036332,2025,10,0.037,0.0
00-0036332,2025,11,0.053,0.0
00-0036332,2025,12,0.186,0.0
00-0036332,2025,13,0.0,0.0
00-0036332,2025,14,0.08,0.0
00-0036332,2025,15,0.093,0.0
00-0036332,2025,16,0.242,0.0
00-0036332,2025,17,0.171,0.0
00-0036332,2025,18,0.125,0.067
00-0036358,2025,1,0.912,0.455
00-0036358,2025,2,0.947,0.27
00-0036358,2025,3,0.064,0.0
00-0036358,2025,7,0.909,0.3
00-0036358,2025,8,0.786,0.321
00-0036358,2025,9,0.936,0.4
00-0036358,2025,11,0.912,0.294
00-0036358,2025,12,0.846,0.381
00-0036358,2025,13,0.846,0.269
00-0036358,2025,14,0.463,0.194
00-0036358,2025,15,0.95,0.429
00-0036358,2025,16,0.944,0.333
00-0036358,2025,17,0.933,0.421
00-0036358,2025,18,0.346,0.059
00-0036407,2025,1,0.938,0.28
00-0036407,2025,2,0.843,0.286
00-0036407,2025,3,0.838,0.208
00-0036407,2025,4,0.868,0.292
00-0036407,2025,5,0.914,0.143
00-0036407,2025,6,0.862,0.306
00-0036407,2025,7,0.826,0.308
00-0036407,2025,8,0.816,0.056
00-0036407,2025,10,0.884,0.444
00-0036407,2025,11,0.848,0.294
00-0036407,2025,12,0.905,0.167
00-0036407,2025,13,0.767,0.267
00-0036407,2025,14,0.872,0.111
00-0036407,2025,15,0.929,0.143
00-0036407,2025,16,0.784,0.333
00-0036407,2025,17,0.964,0.357
00-0036407,2025,18,0.867,0.4
00-0036410,2025,1,0.893,0.267
00-0036410,2025,2,0.917,0.219
00-0036410,2025,3,0.774,0.125
00-0036410,2025,4,0.862,0.353
00-0036410,2025,5,0.911,0.25
00-0036410,2025,6,0.841,0.28
00-0036410,2025,7,0.857,0.235
00-0036410,2025,8,0.778,0.077
00-0036410,2025,9,0.8,0.29
00-0036410,2025,11,1.0,0.28
00-0036410,2025,12,0.632,0.182
00-0036410,2025,14,0.784,0.296
00-0036410,2025,16,0.778,0.136
00-0036410,2025,17,0.634,0.238
00-0036410,2025,18,0.952,0.368
00-0036415,2025,1,0.088,0.0
00-0036415,2025,2,0.22,0.095
00-0036415,2025,3,0.311,0.0
00-0036415,2025,4,0.414,0.091
00-0036415,2025,5,0.119,0.0
00-0036415,2025,6,0.744,0.222
00-0036415,2025,7,0.769,0.176
00-0036415,2025,8,0.833,0.19
00-0036415,2025,9,0.808,0.167
00-0036415,2025,11,0.814,0.15
00-0036415,2025,12,0.78,0.05
00-0036415,2025,13,0.69,0.154
00-0036415,2025,14,0.621,0.15
00-0036415,2025,15,0.483,0.167
00-0036415,2025,16,0.645,0.083
00-0036415,2025,17,0.261,0.095
00-0036422,2025,1,0.256,0.043
00-0036422,2025,2,0.219,0.095
00-0036422,2025,3,0.188,0.0
00-0036422,2025,4,0.182,0.087
00-0036422,2025,5,0.209,0.036
00-0036422,2025,6,0.121,0.0
00-0036422,2025,7,0.154,0.0
00-0036422,2025,8,0.172,0.0
00-0036422,2025,9,0.205,0.091
00-0036422,2025,10,0.233,0.0
00-0036422,2025,11,0.244,0.0
00-0036422,2025,13,0.271,0.048
00-0036422,2025,14,0.442,0.111
00-0036422,2025,15,0.472,0.0
00-0036422,2025,16,0.245,0.037
00-0036422,2025,17,0.341,0.045
00-0036422,2025,18,0.212,0.0
00-0036423,2025,5,0.561,0.238
00-0036427,2025,1,0.56,0.091
00-0036427,2025,2,0.935,0.071
00-0036427,2025,3,0.674,0.042
00-0036427,2025,5,0.038,0.0
00-0036427,2025,6,0.241,0.0
00-0036427,2025,7,0.25,0.0
00-0036427,2025,8,0.676,0.208
00-0036427,2025,10,0.5,0.0
00-0036427,2025,11,0.333,0.0
00-0036427,2025,13,0.0,0.0
00-0036427,2025,16,0.159,0.059
00-0036427,2025,17,0.171,0.0
00-0036429,2025,1,0.149,0.0
00-0036429,2025,2,0.417,0.0
00-0036429,2025,3,0.044,0.0
00-0036429,2025,4,0.393,0.0
00-0036429,2025,6,0.343,0.0
00-0036429,2025,7,0.143,0.0
00-0036429,2025,8,0.125,0.0
00-0036429,2025,9,0.05,0.0
00-0036429,2025,10,0.194,0.0
00-0036429,2025,11,0.097,0.0
00-0036429,2025,12,0.231,0.077
00-0036429,2025,13,0.143,0.0
00-0036429,2025,14,0.065,0.0
00-0036429,2025,15,0.341,0.04
00-0036429,2025,16,0.417,0.043
00-0036429,2025,17,0.35,0.0
00-0036429,2025,18,0.028,0.0
00-0036463,2025,15,0.068,0.0
00-0036463,2025,16,0.056,0.0
00-0036463,2025,17,0.0,0.0
00-0036497,2025,1,0.0,0.0
00-0036497,2025,2,0.0,0.0
00-0036497,2025,9,0.0,0.0
00-0036497,2025,10,0.0,0.0
00-0036527,2025,14,0.0,0.0
00-0036534,2025,1,0.023,0.0
00-0036534,2025,15,0.405,0.0
00-0036534,2025,16,0.596,0.077
00-0036534,2025,17,0.265,0.0
00-0036534,2025,18,0.378,0.0
00-0036550,2025,1,0.773,0.2
00-0036550,2025,2,0.697,0.158
00-0036550,2025,3,0.711,0.15
00-0036550,2025,4,0.775,0.053
00-0036550,2025,5,0.667,0.167
00-0036550,2025,6,0.59,0.0
00-0036550,2025,8,0.76,0.111
00-0036550,2025,9,0.889,0.214
00-0036550,2025,10,0.788,0.111
00-0036550,2025,13,0.763,0.05
00-0036550,2025,14,0.825,0.059
00-0036550,2025,16,0.682,0.133
00-0036550,2025,17,0.625,0.062
00-0036554,2025,1,0.853,0.25
00-0036554,2025,2,0.867,0.417
00-0036554,2025,3,0.833,0.345
00-0036554,2025,4,0.844,0.263
00-0036554,2025,5,0.686,0.16
00-0036554,2025,7,0.5,0.267
00-0036554,2025,9,0.915,0.357
00-0036554,2025,10,0.837,0.361
00-0036554,2025,11,0.851,0.276
00-0036554,2025,12,0.742,0.056
00-0036554,2025,13,0.784,0.36
00-0036554,2025,14,0.943,0.294
00-0036554,2025,15,0.935,0.25
00-0036554,2025,16,0.806,0.348
00-0036554,2025,17,0.821,0.143
00-0036590,2025,2,0.0,0.0
00-0036590,2025,4,0.0,0.0
00-0036590,2025,5,0.0,0.0
00-0036590,2025,6,0.0,0.0
00-0036590,2025,10,0.312,0.0
00-0036590,2025,11,0.625,0.182
00-0036590,2025,12,0.143,0.0
00-0036590,2025,13,0.125,0.091
00-0036590,2025,14,0.121,0.0
00-0036590,2025,15,0.194,0.133
00-0036590,2025,16,0.163,0.0
00-0036590,2025,17,0.116,0.0
00-0036590,2025,18,0.222,0.056
00-0036613,2025,1,0.583,0.263
00-0036613,2025,2,0.838,0.278
00-0036613,2025,3,0.886,0.316
00-0036613,2025,4,0.852,0.2
00-0036613,2025,5,0.775,0.346
00-0036613,2025,6,0.694,0.368
00-0036613,2025,7,0.667,0.15
00-0036613,2025,8,0.75,0.286
00-0036613,2025,9,0.786,0.32
00-0036613,2025,10,0.762,0.375
00-0036613,2025,11,0.87,0.375
00-0036613,2025,13,0.929,0.312
00-0036613,2025,14,0.773,0.438
00-0036613,2025,15,0.818,0.222
00-0036613,2025,16,0.71,0.348
00-0036613,2025,17,0.32,0.062
00-0036620,2025,1,0.361,0.105
00-0036620,2025,2,0.054,0.0
00-0036620,2025,3,0.057,0.0
00-0036620,2025,4,0.0,0.0
00-0036620,2025,5,0.0,0.0
00-0036620,2025,6,0.194,0.0
00-0036620,2025,7,0.306,0.1
00-0036620,2025,8,0.0,0.0
00-0036620,2025,9,0.143,0.0
00-0036620,2025,13,0.071,0.0
00-0036620,2025,14,0.045,0.0
00-0036620,2025,15,0.212,0.0
00-0036620,2025,16,0.097,0.0
00-0036626,2025,1,0.781,0.222
00-0036626,2025,2,0.659,0.214
00-0036626,2025,3,0.326,0.103
00-0036626,2025,5,0.629,0.211
00-0036626,2025,6,0.6,0.174
00-0036626,2025,7,0.281,0.235
00-0036626,2025,9,0.553,0.2
00-0036626,2025,10,0.406,0.0
00-0036626,2025,11,0.25,0.091
00-0036626,2025,12,0.029,0.0
00-0036626,2025,14,0.061,0.0
00-0036626,2025,15,0.0,0.0
00-0036626,2025,16,0.023,0.0
00-0036626,2025,18,0.028,0.056
00-0036628,2025,1,0.162,0.0
00-0036628,2025,2,0.078,0.0
00-0036628,2025,5,0.226,0.059
00-0036628,2025,6,0.286,0.0
00-0036628,2025,7,0.25,0.048
00-0036628,2025,8,0.171,0.0
00-0036628,2025,9,0.229,0.167
00-0036628,2025,10,0.346,0.111
00-0036628,2025,11,0.281,0.0
00-0036628,2025,13,0.291,0.05
00-0036628,2025,14,0.281,0.0
00-0036628,2025,15,0.5,0.083
00-0036628,2025,16,0.16,0.083
00-0036628,2025,17,0.192,0.0
00-0036628,2025,18,0.259,0.133
00-0036630,2025,1,0.091,0.0
00-0036630,2025,2,0.455,0.053
00-0036630,2025,3,0.632,0.05
00-0036630,2025,4,0.35,0.053
00-0036630,2025,5,0.048,0.0
00-0036630,2025,6,0.077,0.0
00-0036630,2025,8,0.08,0.056
00-0036630,2025,9,0.0,0.0
00-0036630,2025,10,0.0,0.0
00-0036630,2025,11,0.323,0.0
00-0036630,2025,12,0.276,0.062
00-0036630,2025,14,0.025,0.0
00-0036630,2025,15,0.056,0.0
00-0036630,2025,18,0.0,0.0
00-0036637,2025,1,0.261,0.033
00-0036637,2025,2,0.5,0.15
00-0036637,2025,3,0.415,0.148
00-0036637,2025,4,0.275,0.0
00-0036637,2025,5,0.413,0.0
00-0036637,2025,6,0.474,0.095
00-0036637,2025,7,0.225,0.036
00-0036637,2025,8,0.325,0.13
00-0036637,2025,9,0.211,0.0
00-0036637,2025,11,0.388,0.086
00-0036637,2025,12,0.185,0.12
00-0036637,2025,14,0.293,0.167
00-0036637,2025,15,0.225,0.0
00-0036637,2025,16,0.355,0.0
00-0036637,2025,17,0.458,0.077
00-0036637,2025,18,0.4,0.111
00-0036640,2025,17,0.0,0.0
00-0036646,2025,3,0.0,0.0
00-0036646,2025,4,0.0,0.0
00-0036646,2025,5,0.027,0.0
00-0036646,2025,6,0.085,0.0
00-0036646,2025,7,0.0,0.0
00-0036646,2025,9,0.0,0.0
00-0036646,2025,10,0.296,0.0
00-0036741,2025,1,0.085,0.0
00-0036741,2025,2,0.025,0.0
00-0036741,2025,3,0.133,0.083
00-0036741,2025,4,0.114,0.091
00-0036741,2025,5,0.031,0.0
00-0036741,2025,6,0.033,0.0
00-0036741,2025,7,0.108,0.067
00-0036741,2025,8,0.067,0.0
00-0036741,2025,9,0.04,0.0
00-0036741,2025,12,0.077,0.0
00-0036741,2025,13,0.022,0.0
00-0036741,2025,14,0.125,0.0
00-0036741,2025,15,0.05,0.053
00-0036741,2025,16,0.13,0.026
00-0036741,2025,17,0.0,0.0
00-0036754,2025,1,0.116,0.0
00-0036754,2025,2,0.103,0.158
00-0036754,2025,3,0.069,0.0
00-0036754,2025,4,0.148,0.0
00-0036754,2025,5,0.321,0.167
00-0036754,2025,6,0.226,0.0
00-0036754,2025,7,0.265,0.05
00-0036754,2025,9,0.31,0.038
00-0036754,2025,10,0.229,0.0
00-0036754,2025,11,0.59,0.087
00-0036754,2025,12,0.651,0.097
00-0036775,2025,8,0.081,0.0
00-0036825,2025,1,0.0,0.0
00-0036825,2025,4,0.0,0.0
00-0036825,2025,6,0.0,0.0
00-0036825,2025,8,0.0,0.0
00-0036825,2025,9,0.0,0.0
00-0036825,2025,10,0.0,0.0
00-0036825,2025,11,0.0,0.0
00-0036825,2025,12,0.0,0.0
00-0036825,2025,13,0.0,0.0
00-0036825,2025,14,0.0,0.0
00-0036825,2025,16,0.0,0.0
00-0036825,2025,18,0.0,0.0
00-0036841,2025,9,0.368,0.04
00-0036841,2025,10,0.219,0.273
00-0036841,2025,11,0.125,0.0
00-0036841,2025,12,0.114,0.059
00-0036841,2025,13,0.531,0.182
00-0036841,2025,14,0.0,0.0
00-0036849,2025,1,0.531,0.037
00-0036849,2025,2,0.471,0.036
00-0036849,2025,3,0.529,0.0
00-0036849,2025,4,0.364,0.036
00-0036849,2025,5,0.745,0.032
00-0036849,2025,7,0.176,0.0
00-0036849,2025,15,0.098,0.031
00-0036849,2025,16,0.137,0.0
00-0036849,2025,17,0.171,0.043
00-0036849,2025,18,0.171,0.125
00-0036862,2025,1,0.118,0.045
00-0036862,2025,2,0.079,0.0
00-0036862,2025,3,0.042,0.0
00-0036862,2025,4,0.32,0.1
00-0036862,2025,6,0.129,0.0
00-0036862,2025,7,0.0,0.0
00-0036862,2025,8,0.128,0.059
00-0036862,2025,9,0.103,0.0
00-0036862,2025,10,0.059,0.0
00-0036862,2025,11,0.152,0.0
00-0036862,2025,12,0.118,0.0
00-0036862,2025,13,0.04,0.0
00-0036862,2025,14,0.114,0.0
00-0036862,2025,15,0.0,0.0
00-0036862,2025,16,0.0,0.0
00-0036862,2025,18,0.02,0.0
00-0036876,2025,1,0.091,0.0
00-0036876,2025,2,0.08,0.067
00-0036876,2025,3,0.027,0.0
00-0036876,2025,4,0.032,0.0
00-0036876,2025,5,0.2,0.0
00-0036876,2025,6,0.132,0.0
00-0036876,2025,7,0.231,0.0
00-0036876,2025,8,0.037,0.0
00-0036876,2025,10,0.103,0.0
00-0036876,2025,11,0.161,0.0
00-0036876,2025,12,0.047,0.0
00-0036876,2025,13,0.0,0.0
00-0036876,2025,14,0.0,0.0
00-0036876,2025,15,0.136,0.0
00-0036876,2025,16,0.027,0.0
00-0036876,2025,17,0.0,0.0
00-0036876,2025,18,0.733,0.136
00-0036887,2025,1,0.308,0.0
00-0036887,2025,2,0.429,0.04
00-0036887,2025,3,0.171,0.0
00-0036887,2025,4,0.375,0.053
00-0036887,2025,5,0.245,0.032
00-0036887,2025,6,0.191,0.0
00-0036887,2025,7,0.25,0.071
00-0036887,2025,8,0.028,0.0
00-0036887,2025,9,0.143,0.062
00-0036887,2025,10,0.179,0.0
00-0036887,2025,11,0.074,0.0
00-0036887,2025,12,0.061,0.0
00-0036887,2025,13,0.062,0.059
00-0036887,2025,15,0.135,0.0
00-0036887,2025,16,0.333,0.0
00-0036887,2025,17,0.079,0.0
00-0036887,2025,18,0.094,0.0
00-0036894,2025,1,0.412,0.136
00-0036894,2025,2,0.605,0.118
00-0036894,2025,3,0.417,0.118
00-0036894,2025,4,0.32,0.0
00-0036894,2025,6,0.452,0.056
00-0036894,2025,7,0.686,0.286
00-0036894,2025,8,0.41,0.118
00-0036894,2025,9,0.436,0.087
00-0036894,2025,10,0.5,0.15
00-0036894,2025,11,0.394,0.0
00-0036894,2025,12,0.529,0.167
00-0036894,2025,13,0.28,0.0
00-0036894,2025,14,0.571,0.133
00-0036894,2025,15,0.4,0.231
00-0036894,2025,16,0.489,0.111
00-0036894,2025,17,0.675,0.25
00-0036894,2025,18,0.7,0.25
00-0036900,2025,1,0.929,0.333
00-0036900,2025,2,0.979,0.469
00-0036900,2025,3,0.871,0.312
00-0036900,2025,4,0.966,0.412
00-0036900,2025,5,0.844,0.25
00-0036900,2025,6,0.955,0.48
00-0036900,2025,7,0.98,0.529
00-0036900,2025,8,0.972,0.577
00-0036900,2025,9,0.96,0.258
00-0036900,2025,11,1.0,0.36
00-0036900,2025,13,0.958,0.406
00-0036900,2025,14,0.973,0.259
00-0036900,2025,15,0.977,0.538
00-0036900,2025,16,0.917,0.409
00-0036900,2025,17,0.805,0.381
00-0036900,2025,18,1.0,0.421
00-0036912,2025,1,0.97,0.3
00-0036912,2025,2,0.88,0.333
00-0036912,2025,3,0.946,0.318
00-0036912,2025,4,0.903,0.056
00-0036912,2025,5,0.956,0.393
00-0036912,2025,6,0.947,0.176
00-0036912,2025,7,1.0,0.667
00-0036912,2025,8,0.963,0.429
00-0036912,2025,10,0.966,0.375
00-0036912,2025,11,0.935,0.238
00-0036912,2025,12,0.953,0.316
00-0036912,2025,13,0.938,0.368
00-0036912,2025,14,0.93,0.233
00-0036912,2025,15,0.636,0.143
00-0036912,2025,16,0.973,0.304
00-0036912,2025,17,0.828,0.235
00-0036912,2025,18,0.156,0.182
00-0036959,2025,9,0.154,0.045
00-0036959,2025,10,0.033,0.0
00-0036959,2025,15,0.028,0.0
00-0036959,2025,17,0.114,0.091
00-0036963,2025,1,0.93,0.238
00-0036963,2025,2,0.931,0.421
00-0036963,2025,3,0.897,0.381
00-0036963,2025,4,0.963,0.263
00-0036963,2025,5,0.857,0.5
00-0036963,2025,6,0.839,0.529
00-0036963,2025,7,0.882,0.5
00-0036963,2025,9,0.857,0.423
00-0036963,2025,10,0.686,0.286
00-0036963,2025,11,0.923,0.435
00-0036963,2025,12,0.884,0.419
00-0036963,2025,13,0.065,0.0
00-0036963,2025,14,0.886,0.333
00-0036963,2025,15,0.976,0.552
00-0036963,2025,16,0.895,0.205
00-0036963,2025,17,0.853,0.474
00-0036963,2025,18,0.889,0.44
00-0036970,2025,1,0.809,0.143
00-0036970,2025,2,0.958,0.333
00-0036970,2025,3,0.889,0.136
00-0036970,2025,4,0.857,0.125
00-0036970,2025,6,0.886,0.12
00-0036970,2025,7,0.833,0.28
00-0036970,2025,8,1.0,0.188
00-0036970,2025,9,0.85,0.182
00-0036970,2025,10,0.806,0.211
00-0036970,2025,11,0.903,0.158
00-0036970,2025,12,0.962,0.385
00-0036970,2025,13,0.771,0.304
00-0036970,2025,14,0.839,0.35
00-0036970,2025,15,0.909,0.2
00-0036970,2025,16,0.806,0.304
00-0036970,2025,17,0.85,0.167
00-0036970,2025,18,0.861,0.364
00-0036980,2025,1,0.118,0.038
00-0036980,2025,2,0.419,0.056
00-0036980,2025,3,0.25,0.105
00-0036980,2025,4,0.25,0.0
00-0036980,2025,6,0.235,0.056
00-0036980,2025,8,0.52,0.133
00-0036980,2025,9,0.3,0.0
00-0036980,2025,10,0.348,0.091
00-0036980,2025,12,0.511,0.167
00-0036988,2025,1,0.686,0.154
00-0036988,2025,2,0.613,0.167
00-0036988,2025,3,0.438,0.053
00-0036988,2025,4,0.357,0.188
00-0036988,2025,5,0.513,0.118
00-0036988,2025,6,0.147,0.111
00-0036988,2025,11,0.469,0.053
00-0036988,2025,12,0.556,0.222
00-0036988,2025,15,0.455,0.118
00-0036988,2025,16,0.696,0.083
00-0036988,2025,17,0.5,0.05
00-0036988,2025,18,0.833,0.15
00-0037004,2025,1,0.031,0.056
00-0037004,2025,2,0.0,0.0
00-0037004,2025,3,0.163,0.103
00-0037004,2025,4,0.161,0.188
00-0037004,2025,5,0.514,0.053
00-0037004,2025,6,0.58,0.043
00-0037004,2025,7,0.561,0.0
00-0037004,2025,9,0.421,0.04
00-0037004,2025,14,0.121,0.0
00-0037005,2025,1,0.3,0.045
00-0037005,2025,2,0.322,0.061
00-0037005,2025,3,0.407,0.1
00-0037005,2025,4,0.605,0.25
00-0037005,2025,5,0.697,0.118
00-0037005,2025,6,0.593,0.286
00-0037005,2025,7,0.361,0.0
00-0037005,2025,8,0.375,0.056
00-0037005,2025,9,0.348,0.0
00-0037005,2025,10,0.556,0.0
00-0037005,2025,11,0.38,0.033
00-0037005,2025,12,0.353,0.0
00-0037005,2025,13,0.333,0.182
00-0037005,2025,15,0.355,0.273
00-0037005,2025,16,0.333,0.056
00-0037005,2025,17,0.581,0.1
00-0037005,2025,18,0.765,0.095
00-0037015,2025,17,0.464,0.143
00-0037015,2025,18,0.2,0.1
00-0037031,2025,12,0.0,0.0
00-0037031,2025,18,0.0,0.0
00-0037086,2025,1,0.303,0.0
00-0037086,2025,2,0.8,0.133
00-0037086,2025,3,0.027,0.0
00-0037086,2025,4,0.258,0.111
00-0037086,2025,5,0.111,0.071
00-0037086,2025,8,0.296,0.0
00-0037086,2025,10,0.138,0.062
00-0037086,2025,11,0.097,0.0
00-0037086,2025,12,0.186,0.053
00-0037086,2025,13,0.031,0.0
00-0037086,2025,14,0.093,0.0
00-0037086,2025,15,0.273,0.071
00-0037086,2025,16,0.108,0.0
00-0037086,2025,17,0.241,0.059
00-0037086,2025,18,0.356,0.045
00-0037091,2025,1,0.0,0.0
00-0037091,2025,3,0.0,0.0
00-0037091,2025,4,0.0,0.0
00-0037091,2025,6,0.0,0.0
00-0037091,2025,7,0.0,0.0
00-0037091,2025,8,0.027,0.0
00-0037091,2025,9,0.0,0.0
00-0037091,2025,10,0.39,0.158
00-0037091,2025,11,0.0,0.0
00-0037091,2025,12,0.042,0.0
00-0037091,2025,13,0.125,0.0
00-0037091,2025,14,0.192,0.083
00-0037091,2025,15,0.065,0.0
00-0037091,2025,16,0.0,0.0
00-0037091,2025,17,0.375,0.158
00-0037091,2025,18,0.235,0.0
00-0037093,2025,2,0.057,0.0
00-0037093,2025,3,0.143,0.091
00-0037093,2025,4,0.0,0.0
00-0037093,2025,5,0.088,0.04
00-0037093,2025,6,0.034,0.0
00-0037093,2025,7,0.0,0.0
00-0037093,2025,16,0.0,0.0
00-0037093,2025,17,0.194,0.059
00-0037093,2025,18,0.033,0.0
00-0037098,2025,18,0.19,0.125
00-0037112,2025,1,0.385,0.048
00-0037112,2025,2,0.667,0.08
00-0037112,2025,3,0.659,0.107
00-0037112,2025,4,0.625,0.211
00-0037112,2025,5,0.796,0.29
00-0037112,2025,6,0.83,0.174
00-0037112,2025,7,0.071,0.0
00-0037112,2025,8,0.111,0.048
00-0037112,2025,9,0.036,0.0
00-0037112,2025,10,0.051,0.0
00-0037112,2025,11,0.0,0.0
00-0037112,2025,12,0.0,0.0
00-0037112,2025,13,0.094,0.0
00-0037112,2025,15,0.0,0.0
00-0037112,2025,16,0.167,0.053
00-0037112,2025,17,0.737,0.278
00-0037132,2025,13,0.0,0.0
00-0037132,2025,14,0.0,0.0
00-0037132,2025,15,0.091,0.0
00-0037132,2025,16,0.0,0.0
00-0037132,2025,17,0.0,0.0
00-0037132,2025,18,0.533,0.136
00-0037231,2025,3,0.111,0.042
00-0037231,2025,12,0.077,0.0
00-0037231,2025,13,0.067,0.0
00-0037231,2025,14,0.0,0.0
00-0037231,2025,15,0.475,0.211
00-0037231,2025,16,0.741,0.079
00-0037231,2025,17,0.839,0.158
00-0037231,2025,18,0.881,0.333
00-0037238,2025,1,0.766,0.5
00-0037238,2025,2,0.958,0.267
00-0037238,2025,3,0.867,0.318
00-0037238,2025,4,0.893,0.625
00-0037238,2025,6,0.857,0.44
00-0037238,2025,7,0.81,0.24
00-0037238,2025,9,0.9,0.455
00-0037238,2025,10,0.935,0.316
00-0037238,2025,11,0.871,0.474
00-0037238,2025,16,0.694,0.304
00-0037238,2025,17,0.8,0.167
00-0037238,2025,18,0.889,0.318
00-0037239,2025,1,0.83,0.429
00-0037239,2025,2,0.925,0.35
00-0037239,2025,3,0.889,0.5
00-0037239,2025,4,0.914,0.545
00-0037239,2025,5,0.938,0.5
00-0037239,2025,6,0.867,0.636
00-0037239,2025,7,0.784,0.4
00-0037239,2025,8,0.967,0.381
00-0037239,2025,9,0.88,0.25
00-0037239,2025,10,0.774,0.467
00-0037239,2025,12,0.885,0.444
00-0037239,2025,13,0.933,0.238
00-0037239,2025,14,1.0,0.286
00-0037239,2025,15,0.875,0.316
00-0037239,2025,16,0.815,0.421
00-0037239,2025,17,0.935,0.579
00-0037240,2025,1,0.977,0.095
00-0037240,2025,2,0.931,0.158
00-0037240,2025,3,0.828,0.095
00-0037240,2025,4,0.926,0.368
00-0037240,2025,5,0.821,0.056
00-0037240,2025,6,0.839,0.235
00-0037240,2025,7,0.882,0.05
00-0037240,2025,9,0.81,0.154
00-0037240,2025,10,0.857,0.25
00-0037240,2025,11,0.923,0.13
00-0037240,2025,12,0.86,0.097
00-0037240,2025,13,0.968,0.438
00-0037240,2025,14,0.943,0.296
00-0037240,2025,15,0.929,0.276
00-0037240,2025,16,0.86,0.179
00-0037240,2025,17,0.853,0.053
00-0037240,2025,18,0.933,0.24
00-0037247,2025,1,0.941,0.136
00-0037247,2025,2,0.93,0.216
00-0037247,2025,3,0.83,0.25
00-0037247,2025,4,0.927,0.429
00-0037247,2025,5,0.848,0.211
00-0037247,2025,6,0.912,0.556
00-0037247,2025,7,0.848,0.25
00-0037247,2025,8,0.81,0.321
00-0037247,2025,9,0.936,0.16
00-0037247,2025,11,0.794,0.412
00-0037247,2025,12,0.821,0.333
00-0037247,2025,13,0.846,0.346
00-0037247,2025,14,0.852,0.258
00-0037247,2025,15,0.875,0.214
00-0037247,2025,16,0.972,0.381
00-0037247,2025,17,0.867,0.158
00-0037247,2025,18,0.346,0.118
00-0037252,2025,8,0.25,0.0
00-0037252,2025,9,0.452,0.16
00-0037252,2025,10,0.762,0.125
00-0037252,2025,11,0.609,0.25
00-0037252,2025,13,0.357,0.062
00-0037252,2025,14,0.5,0.188
00-0037252,2025,15,0.333,0.111
00-0037252,2025,16,0.323,0.13
00-0037252,2025,17,0.44,0.25
00-0037252,2025,18,0.6,0.158
00-0037261,2025,1,0.843,0.115
00-0037261,2025,2,0.516,0.056
00-0037261,2025,3,0.781,0.211
00-0037261,2025,4,0.714,0.25
00-0037261,2025,5,0.692,0.294
00-0037261,2025,6,0.765,0.222
00-0037261,2025,8,0.64,0.4
00-0037261,2025,9,0.7,0.333
00-0037261,2025,10,0.804,0.364
00-0037261,2025,11,0.625,0.158
00-0037261,2025,12,0.733,0.278
00-0037261,2025,13,0.519,0.333
00-0037261,2025,14,0.528,0.056
00-0037261,2025,15,0.788,0.294
00-0037261,2025,16,0.609,0.417
00-0037261,2025,17,0.857,0.3
00-0037277,2025,1,0.0,0.0
00-0037277,2025,2,0.0,0.0
00-0037277,2025,3,0.0,0.0
00-0037277,2025,4,0.0,0.0
00-0037277,2025,6,0.0,0.0
00-0037277,2025,8,0.0,0.0
00-0037277,2025,10,0.0,0.0
00-0037277,2025,11,0.0,0.0
00-0037277,2025,12,0.154,0.0
00-0037277,2025,13,0.0,0.0
00-0037277,2025,14,0.0,0.0
00-0037277,2025,15,0.0,0.0
00-0037277,2025,16,0.0,0.0
00-0037277,2025,17,0.05,0.0
00-0037277,2025,18,0.0,0.0
00-0037282,2025,4,0.158,0.042
00-0037282,2025,5,0.091,0.059
00-0037282,2025,6,0.037,0.0
00-0037282,2025,13,0.0,0.0
00-0037282,2025,18,0.029,0.0
00-0037291,2025,1,0.875,0.062
00-0037291,2025,2,0.967,0.385
00-0037291,2025,3,0.862,0.211
00-0037291,2025,4,0.566,0.136
00-0037291,2025,5,0.585,0.071
00-0037291,2025,7,0.609,0.111
00-0037291,2025,8,0.722,0.05
00-0037291,2025,9,0.613,0.133
00-0037291,2025,10,0.66,0.1
00-0037291,2025,11,0.625,0.042
00-0037291,2025,12,0.52,0.083
00-0037291,2025,13,0.618,0.056
00-0037291,2025,14,0.586,0.143
00-0037291,2025,15,0.615,0.167
00-0037291,2025,16,0.552,0.111
00-0037291,2025,17,0.56,0.0
00-0037291,2025,18,0.676,0.105
00-0037292,2025,1,0.091,0.0
00-0037292,2025,2,0.079,0.0
00-0037292,2025,3,0.111,0.0
00-0037292,2025,4,0.029,0.0
00-0037292,2025,5,0.156,0.0
00-0037292,2025,6,0.121,0.0
00-0037292,2025,7,0.114,0.0
00-0037292,2025,8,0.114,0.048
00-0037292,2025,9,0.073,0.0
00-0037292,2025,10,0.154,0.0
00-0037292,2025,12,0.091,0.071
00-0037292,2025,13,0.071,0.0
00-0037292,2025,14,0.051,0.0
00-0037292,2025,15,0.036,0.0
00-0037292,2025,16,0.053,0.0
00-0037306,2025,1,0.174,0.071
00-0037306,2025,2,0.118,0.0
00-0037306,2025,3,0.161,0.0
00-0037306,2025,4,0.043,0.0
00-0037306,2025,6,0.156,0.0
00-0037306,2025,7,0.212,0.0
00-0037306,2025,8,0.243,0.0
00-0037306,2025,9,0.132,0.0
00-0037306,2025,10,0.024,0.0
00-0037306,2025,11,0.414,0.067
00-0037306,2025,12,0.5,0.067
00-0037306,2025,13,0.125,0.0
00-0037306,2025,14,0.346,0.0
00-0037306,2025,15,0.565,0.0
00-0037306,2025,16,0.065,0.0
00-0037311,2025,1,0.027,0.0
00-0037311,2025,2,0.0,0.0
00-0037311,2025,3,0.0,0.0
00-0037340,2025,1,0.0,0.0
00-0037340,2025,2,0.0,0.0
00-0037340,2025,3,0.0,0.0
00-0037340,2025,4,0.0,0.0
00-0037340,2025,5,0.0,0.0
00-0037340,2025,6,0.0,0.0
00-0037340,2025,10,0.0,0.0
00-0037340,2025,12,0.0,0.0
00-0037348,2025,1,0.528,0.053
00-0037348,2025,2,0.514,0.0
00-0037348,2025,3,0.571,0.053
00-0037348,2025,4,0.037,0.0
00-0037348,2025,5,0.175,0.077
00-0037348,2025,6,0.056,0.0
00-0037348,2025,7,0.306,0.1
00-0037348,2025,8,0.286,0.0
00-0037348,2025,9,0.214,0.0
00-0037380,2025,3,0.0,0.0
00-0037380,2025,11,0.0,0.0
00-0037475,2025,4,0.0,0.0
00-0037475,2025,6,0.0,0.0
00-0037475,2025,10,0.0,0.0
00-0037475,2025,13,0.024,0.0
00-0037475,2025,14,0.075,0.071
00-0037475,2025,15,0.195,0.0
00-0037475,2025,16,0.386,0.294
00-0037475,2025,17,0.314,0.375
00-0037475,2025,18,0.458,0.0
00-0037487,2025,6,0.0,0.0
00-0037487,2025,13,0.114,0.087
00-0037487,2025,14,0.097,0.05
00-0037487,2025,15,0.0,0.0
00-0037487,2025,16,0.0,0.0
00-0037487,2025,17,0.0,0.0
00-0037487,2025,18,0.0,0.0
00-0037524,2025,4,0.103,0.077
00-0037524,2025,5,0.226,0.059
00-0037524,2025,6,0.057,0.0
00-0037539,2025,1,0.209,0.0
00-0037539,2025,2,0.062,0.0
00-0037539,2025,3,0.469,0.095
00-0037545,2025,1,0.0,0.0
00-0037545,2025,2,0.0,0.0
00-0037545,2025,3,0.0,0.0
00-0037545,2025,4,0.0,0.0
00-0037545,2025,5,0.0,0.0
00-0037545,2025,6,0.0,0.0
00-0037545,2025,7,0.0,0.0
00-0037545,2025,8,0.0,0.0
00-0037545,2025,9,0.0,0.0
00-0037545,2025,10,0.0,0.0
00-0037545,2025,11,0.0,0.0
00-0037545,2025,12,0.0,0.0
00-0037545,2025,13,0.0,0.0
00-0037545,2025,14,0.0,0.0
00-0037545,2025,15,0.0,0.0
00-0037545,2025,16,0.0,0.0
00-0037545,2025,17,0.0,0.0
00-0037545,2025,18,0.0,0.0
00-0037614,2025,1,0.0,0.0
00-0037614,2025,2,0.0,0.0
00-0037614,2025,3,0.0,0.0
00-0037614,2025,4,0.0,0.0
00-0037614,2025,5,0.0,0.0
00-0037614,2025,6,0.0,0.0
00-0037614,2025,8,0.0,0.0
00-0037614,2025,10,0.0,0.0
00-0037614,2025,11,0.0,0.0
00-0037614,2025,12,0.0,0.0
00-0037614,2025,13,0.0,0.0
00-0037614,2025,14,0.0,0.0
00-0037614,2025,15,0.0,0.0
00-0037614,2025,16,0.0,0.0
00-0037614,2025,17,0.0,0.0
00-0037614,2025,18,0.0,0.0
00-0037654,2025,3,0.057,0.0
00-0037654,2025,4,0.114,0.034
00-0037654,2025,5,0.051,0.0
00-0037654,2025,6,0.205,0.0
00-0037654,2025,7,0.049,0.0
00-0037654,2025,8,0.176,0.0
00-0037654,2025,9,0.103,0.0
00-0037654,2025,10,0.175,0.037
00-0037654,2025,11,0.031,0.0
00-0037654,2025,13,0.214,0.0
00-0037664,2025,1,0.758,0.167
00-0037664,2025,2,0.895,0.172
00-0037664,2025,3,0.704,0.188
00-0037664,2025,6,0.848,0.15
00-0037664,2025,7,0.914,0.385
00-0037664,2025,8,0.714,0.238
00-0037664,2025,9,0.891,0.343
00-0037664,2025,10,0.897,0.318
00-0037664,2025,12,0.848,0.071
00-0037664,2025,13,0.964,0.278
00-0037664,2025,14,0.744,0.25
00-0037664,2025,15,0.857,0.043
00-0037664,2025,16,0.921,0.154
00-0037664,2025,17,0.848,0.217
00-0037664,2025,18,0.711,0.304
00-0037666,2025,1,0.5,0.045
00-0037666,2025,2,0.596,0.054
00-0037666,2025,3,0.872,0.188
00-0037666,2025,4,0.78,0.048
00-0037666,2025,5,0.879,0.0
00-0037666,2025,6,0.971,0.056
00-0037666,2025,7,0.333,0.1
00-0037666,2025,8,0.167,0.071
00-0037666,2025,9,0.085,0.0
00-0037666,2025,11,0.088,0.0
00-0037666,2025,13,0.128,0.0
00-0037666,2025,17,0.6,0.211
00-0037666,2025,18,0.462,0.0
00-0037708,2025,16,0.027,0.0
00-0037740,2025,1,0.96,0.364
00-0037740,2025,2,1.0,0.5
00-0037740,2025,3,0.935,0.5
00-0037740,2025,4,1.0,0.467
00-0037740,2025,5,0.925,0.421
00-0037740,2025,6,0.828,0.583
00-0037740,2025,10,0.75,0.25
00-0037741,2025,1,0.636,0.2
00-0037741,2025,2,0.76,0.0
00-0037741,2025,3,0.838,0.091
00-0037741,2025,4,0.581,0.0
00-0037741,2025,5,0.667,0.071
00-0037741,2025,6,0.816,0.059
00-0037741,2025,7,0.577,0.0
00-0037741,2025,8,0.778,0.071
00-0037741,2025,10,0.448,0.062
00-0037741,2025,11,0.484,0.048
00-0037741,2025,12,0.628,0.053
00-0037741,2025,13,0.625,0.158
00-0037741,2025,14,0.581,0.1
00-0037741,2025,15,0.591,0.0
00-0037741,2025,16,0.784,0.087
00-0037741,2025,17,0.586,0.0
00-0037741,2025,18,0.911,0.227
00-0037742,2025,9,0.371,0.0
00-0037742,2025,10,0.5,0.111
00-0037742,2025,13,0.673,0.125
00-0037742,2025,14,0.25,0.071
00-0037742,2025,15,0.269,0.083
00-0037742,2025,16,0.84,0.167
00-0037742,2025,17,0.808,0.154
00-0037742,2025,18,0.778,0.267
00-0037744,2025,1,0.919,0.304
00-0037744,2025,2,0.966,0.538
00-0037744,2025,3,0.85,0.25
00-0037744,2025,4,0.843,0.308
00-0037744,2025,5,0.865,0.3
00-0037744,2025,6,0.872,0.375
00-0037744,2025,7,0.913,0.462
00-0037744,2025,9,0.892,0.312
00-0037744,2025,10,0.796,0.31
00-0037744,2025,11,0.877,0.314
00-0037744,2025,12,0.898,0.286
00-0037744,2025,13,0.909,0.3
00-0037744,2025,14,0.94,0.3
00-0037744,2025,15,0.93,0.321
00-0037744,2025,16,0.909,0.368
00-0037744,2025,17,0.951,0.524
00-0037744,2025,18,0.95,0.333
00-0037755,2025,8,0.0,0.0
00-0037755,2025,15,0.268,0.0
00-0037755,2025,16,0.114,0.059
00-0037755,2025,17,0.057,0.0
00-0037801,2025,1,0.5,0.045
00-0037801,2025,2,0.175,0.108
00-0037801,2025,3,0.681,0.094
00-0037801,2025,4,0.683,0.19
00-0037801,2025,7,0.394,0.05
00-0037801,2025,8,0.452,0.107
00-0037801,2025,9,0.213,0.04
00-0037801,2025,11,0.382,0.118
00-0037801,2025,12,0.462,0.048
00-0037801,2025,13,0.359,0.038
00-0037801,2025,14,0.537,0.032
00-0037801,2025,15,0.2,0.071
00-0037801,2025,16,0.278,0.095
00-0037801,2025,17,0.222,0.0
00-0037801,2025,18,0.154,0.059
00-0037805,2025,1,0.2,0.091
00-0037805,2025,2,0.29,0.071
00-0037805,2025,3,0.217,0.0
00-0037805,2025,4,0.286,0.067
00-0037805,2025,5,0.264,0.053
00-0037805,2025,6,0.207,0.0
00-0037805,2025,7,0.182,0.053
00-0037805,2025,8,0.27,0.042
00-0037805,2025,10,0.25,0.125
00-0037805,2025,11,0.364,0.429
00-0037805,2025,12,0.176,0.0
00-0037805,2025,13,0.195,0.2
00-0037805,2025,14,0.325,0.214
00-0037805,2025,15,0.463,0.167
00-0037805,2025,16,0.455,0.118
00-0037805,2025,17,0.343,0.125
00-0037805,2025,18,0.292,0.0
00-0037809,2025,1,0.765,0.111
00-0037809,2025,2,0.707,0.19
00-0037809,2025,3,0.578,0.25
00-0037809,2025,4,0.586,0.182
00-0037809,2025,5,0.548,0.154
00-0037809,2025,6,0.605,0.222
00-0037809,2025,7,0.538,0.118
00-0037809,2025,8,0.524,0.095
00-0037809,2025,9,0.577,0.167
00-0037809,2025,11,0.581,0.1
00-0037809,2025,12,0.62,0.1
00-0037809,2025,13,0.5,0.115
00-0037809,2025,14,0.483,0.1
00-0037809,2025,15,0.552,0.278
00-0037809,2025,16,0.516,0.292
00-0037809,2025,17,0.63,0.286
00-0037809,2025,18,0.543,0.125
00-0037816,2025,1,0.652,0.214
00-0037816,2025,2,0.765,0.2
00-0037816,2025,3,0.839,0.111
00-0037816,2025,4,0.717,0.259
00-0037816,2025,6,0.875,0.389
00-0037816,2025,7,0.788,0.316
00-0037816,2025,8,0.865,0.217
00-0037816,2025,9,0.842,0.348
00-0037816,2025,10,0.561,0.158
00-0037816,2025,11,0.724,0.267
00-0037816,2025,12,0.667,0.067
00-0037816,2025,13,0.812,0.2
00-0037816,2025,14,0.731,0.083
00-0037816,2025,15,0.717,0.105
00-0037816,2025,16,0.548,0.263
00-0037816,2025,17,0.531,0.105
00-0037837,2025,1,0.735,0.273
00-0037837,2025,2,0.895,0.118
00-0037837,2025,3,0.708,0.294
00-0037837,2025,4,0.64,0.1
00-0037837,2025,8,0.795,0.294
00-0037837,2025,9,0.59,0.261
00-0037837,2025,10,0.794,0.3
00-0037837,2025,11,0.364,0.083
00-0037837,2025,12,0.529,0.278
00-0037837,2025,13,0.52,0.083
00-0037837,2025,14,0.4,0.067
00-0037837,2025,15,0.4,0.077
00-0037837,2025,16,0.222,0.056
00-0037837,2025,18,0.6,0.438
00-0037838,2025,4,0.475,0.0
00-0037838,2025,5,0.429,0.083
00-0037838,2025,6,0.821,0.118
00-0037838,2025,8,0.56,0.111
00-0037838,2025,9,0.481,0.071
00-0037838,2025,10,0.455,0.167
00-0037838,2025,11,0.613,0.071
00-0037838,2025,12,0.448,0.062
00-0037838,2025,13,0.526,0.1
00-0037838,2025,14,0.475,0.118
00-0037838,2025,15,0.389,0.0
00-0037838,2025,16,0.5,0.0
00-0037838,2025,17,0.625,0.188
00-0037838,2025,18,0.619,0.2
00-0038041,2025,1,0.794,0.227
00-0038041,2025,2,0.737,0.27
00-0038041,2025,3,0.617,0.312
00-0038041,2025,4,0.756,0.143
00-0038041,2025,5,0.576,0.421
00-0038041,2025,6,0.794,0.167
00-0038041,2025,7,0.758,0.3
00-0038041,2025,8,0.714,0.036
00-0038041,2025,9,0.872,0.24
00-0038041,2025,11,0.765,0.118
00-0038041,2025,12,0.744,0.19
00-0038041,2025,13,0.744,0.154
00-0038041,2025,14,0.741,0.097
00-0038041,2025,15,0.7,0.071
00-0038041,2025,16,0.75,0.095
00-0038041,2025,17,0.267,0.053
00-0038041,2025,18,0.5,0.0
00-0038046,2025,1,0.364,0.0
00-0038046,2025,2,0.455,0.0
00-0038046,2025,3,0.263,0.1
00-0038046,2025,4,0.075,0.0
00-0038046,2025,5,0.238,0.0
00-0038046,2025,6,0.128,0.0
00-0038046,2025,8,0.24,0.056
00-0038046,2025,9,0.185,0.143
00-0038046,2025,10,0.242,0.0
00-0038046,2025,11,0.129,0.0
00-0038046,2025,12,0.138,0.0
00-0038046,2025,13,0.105,0.05
00-0038046,2025,14,0.1,0.059
00-0038046,2025,15,0.111,0.0
00-0038046,2025,16,0.273,0.0
00-0038046,2025,17,0.083,0.0
00-0038046,2025,18,0.095,0.0
00-0038090,2025,1,0.026,0.0
00-0038090,2025,2,0.0,0.0
00-0038090,2025,3,0.61,0.036
00-0038090,2025,4,0.05,0.053
00-0038090,2025,5,0.041,0.0
00-0038090,2025,6,0.043,0.0
00-0038090,2025,7,0.071,0.0
00-0038090,2025,8,0.167,0.048
00-0038090,2025,9,0.107,0.062
00-0038090,2025,10,0.231,0.0
00-0038090,2025,11,0.0,0.0
00-0038090,2025,12,0.091,0.0
00-0038090,2025,13,0.0,0.0
00-0038090,2025,15,0.0,0.0
00-0038090,2025,16,0.083,0.053
00-0038090,2025,17,0.026,0.0
00-0038090,2025,18,0.094,0.0
00-0038104,2025,1,0.717,0.133
00-0038104,2025,2,0.737,0.25
00-0038104,2025,3,0.707,0.259
00-0038104,2025,4,0.35,0.034
00-0038104,2025,5,0.435,0.115
00-0038104,2025,6,0.342,0.0
00-0038104,2025,7,0.225,0.071
00-0038104,2025,8,0.05,0.0
00-0038104,2025,9,0.263,0.0
00-0038104,2025,11,0.306,0.057
00-0038104,2025,12,0.296,0.04
00-0038104,2025,13,0.25,0.0
00-0038104,2025,14,0.244,0.167
00-0038104,2025,15,0.425,0.056
00-0038115,2025,1,0.178,0.043
00-0038115,2025,2,0.178,0.0
00-0038115,2025,3,0.184,0.0
00-0038115,2025,4,0.2,0.0
00-0038115,2025,5,0.311,0.115
00-0038115,2025,6,0.394,0.0
00-0038115,2025,7,0.405,0.1
00-0038115,2025,8,0.29,0.077
00-0038115,2025,10,0.558,0.1
00-0038115,2025,11,0.323,0.0
00-0038115,2025,12,0.205,0.037
00-0038115,2025,13,0.067,0.0
00-0038115,2025,15,0.205,0.071
00-0038115,2025,16,0.211,0.0
00-0038115,2025,17,0.829,0.05
00-0038115,2025,18,0.75,0.091
00-0038117,2025,1,0.822,0.348
00-0038117,2025,2,0.756,0.296
00-0038117,2025,3,0.711,0.2
00-0038117,2025,4,0.9,0.25
00-0038117,2025,5,0.911,0.192
00-0038117,2025,6,0.939,0.25
00-0038117,2025,7,0.892,0.4
00-0038117,2025,8,0.903,0.154
00-0038117,2025,9,1.0,0.421
00-0038117,2025,10,0.977,0.35
00-0038117,2025,11,0.935,0.35
00-0038117,2025,12,0.949,0.481
00-0038117,2025,13,1.0,0.316
00-0038117,2025,15,0.955,0.286
00-0038117,2025,16,0.947,0.556
00-0038117,2025,17,0.8,0.55
00-0038124,2025,8,0.595,0.174
00-0038124,2025,9,0.684,0.13
00-0038124,2025,10,0.829,0.105
00-0038124,2025,11,0.793,0.333
00-0038124,2025,12,0.875,0.4
00-0038124,2025,13,0.781,0.35
00-0038124,2025,14,0.808,0.25
00-0038124,2025,15,0.391,0.211
00-0038124,2025,16,0.677,0.263
00-0038124,2025,17,0.562,0.263
00-0038129,2025,1,0.757,0.1
00-0038129,2025,2,0.8,0.08
00-0038129,2025,3,0.576,0.0
00-0038129,2025,4,0.837,0.125
00-0038129,2025,5,0.579,0.115
00-0038129,2025,6,0.84,0.125
00-0038129,2025,7,0.907,0.138
00-0038129,2025,8,0.704,0.118
00-0038129,2025,10,0.756,0.308
00-0038129,2025,11,0.879,0.25
00-0038129,2025,12,0.762,0.304
00-0038129,2025,13,0.758,0.0
00-0038129,2025,14,0.743,0.167
00-0038129,2025,16,0.533,0.111
00-0038129,2025,17,0.74,0.133
00-0038129,2025,18,0.714,0.308
00-0038359,2025,1,0.031,0.037
00-0038359,2025,2,0.059,0.0
00-0038359,2025,3,0.0,0.0
00-0038359,2025,4,0.023,0.0
00-0038359,2025,5,0.0,0.0
00-0038359,2025,6,0.241,0.0
00-0038359,2025,7,0.353,0.045
00-0038359,2025,9,0.176,0.08
00-0038359,2025,10,0.486,0.048
00-0038359,2025,11,0.107,0.0
00-0038359,2025,13,0.5,0.111
00-0038359,2025,14,0.387,0.043
00-0038359,2025,15,0.049,0.0
00-0038359,2025,16,0.294,0.037
00-0038359,2025,17,0.537,0.174
00-0038359,2025,18,0.341,0.042
00-0038393,2025,1,0.391,0.0
00-0038393,2025,2,0.647,0.3
00-0038393,2025,3,0.548,0.222
00-0038393,2025,4,0.609,0.148
00-0038393,2025,6,0.312,0.111
00-0038393,2025,7,0.242,0.053
00-0038393,2025,10,0.683,0.263
00-0038393,2025,11,0.552,0.133
00-0038393,2025,12,0.792,0.267
00-0038393,2025,13,0.656,0.35
00-0038393,2025,14,0.115,0.0
00-0038393,2025,15,0.413,0.105
00-0038393,2025,16,0.355,0.105
00-0038393,2025,17,0.062,0.053
00-0038394,2025,5,0.125,0.0
00-0038394,2025,17,0.091,0.0
00-0038456,2025,1,0.0,0.0
00-0038456,2025,2,0.103,0.0
00-0038456,2025,5,0.027,0.0
00-0038465,2025,1,0.174,0.0
00-0038465,2025,2,0.206,0.05
00-0038465,2025,3,0.161,0.0
00-0038465,2025,4,0.13,0.037
00-0038465,2025,6,0.438,0.0
00-0038465,2025,7,0.333,0.0
00-0038465,2025,8,0.189,0.13
00-0038465,2025,9,0.316,0.043
00-0038465,2025,10,0.268,0.0
00-0038465,2025,12,0.125,0.0
00-0038465,2025,13,0.188,0.05
00-0038492,2025,1,0.065,0.033
00-0038492,2025,2,0.132,0.0
00-0038492,2025,3,0.049,0.0
00-0038492,2025,5,0.0,0.0
00-0038492,2025,6,0.0,0.0
00-0038492,2025,18,0.05,0.0
00-0038496,2025,1,0.0,0.0
00-0038496,2025,7,0.0,0.0
00-0038496,2025,8,0.074,0.071
00-0038496,2025,10,0.0,0.0
00-0038496,2025,11,0.0,0.0
00-0038496,2025,12,0.023,0.053
00-0038498,2025,7,0.0,0.0
00-0038498,2025,16,0.027,0.0
00-0038519,2025,1,0.022,0.0
00-0038519,2025,2,0.026,0.0
00-0038519,2025,3,0.049,0.0
00-0038519,2025,4,0.0,0.0
00-0038519,2025,5,0.0,0.0
00-0038519,2025,6,0.026,0.0
00-0038519,2025,7,0.0,0.0
00-0038519,2025,8,0.0,0.0
00-0038519,2025,9,0.0,0.0
00-0038519,2025,11,0.0,0.0
00-0038519,2025,12,0.0,0.0
00-0038519,2025,13,0.0,0.0
00-0038519,2025,15,0.0,0.0
00-0038519,2025,16,0.065,0.0
00-0038543,2025,1,0.875,0.667
00-0038543,2025,2,0.886,0.391
00-0038543,2025,3,0.714,0.455
00-0038543,2025,4,0.867,0.278
00-0038543,2025,5,0.882,0.36
00-0038543,2025,6,0.966,0.55
00-0038543,2025,7,0.971,0.5
00-0038543,2025,9,0.958,0.357
00-0038543,2025,10,0.846,0.667
00-0038543,2025,11,0.956,0.55
00-0038543,2025,12,0.963,0.6
00-0038543,2025,13,0.933,0.167
00-0038543,2025,14,0.882,0.471
00-0038543,2025,15,0.973,0.533
00-0038543,2025,16,1.0,0.444
00-0038543,2025,17,1.0,0.647
00-0038543,2025,18,0.9,0.533
00-0038544,2025,1,0.878,0.24
00-0038544,2025,2,0.938,0.3
00-0038544,2025,3,0.943,0.25
00-0038544,2025,4,0.864,0.379
00-0038544,2025,5,0.718,0.13
00-0038544,2025,7,0.885,0.097
00-0038544,2025,8,0.735,0.0
00-0038544,2025,9,0.821,0.25
00-0038544,2025,10,0.875,0.296
00-0038544,2025,11,0.844,0.071
00-0038544,2025,13,0.786,0.133
00-0038544,2025,14,0.902,0.154
00-0038544,2025,16,0.697,0.19
00-0038544,2025,17,0.786,0.294
00-0038547,2025,1,0.118,0.0
00-0038547,2025,2,0.193,0.0
00-0038547,2025,3,0.234,0.031
00-0038547,2025,4,0.195,0.048
00-0038547,2025,5,0.333,0.053
00-0038547,2025,6,0.235,0.0
00-0038547,2025,7,0.182,0.0
00-0038547,2025,8,0.333,0.036
00-0038547,2025,9,0.106,0.08
00-0038547,2025,11,0.176,0.0
00-0038547,2025,12,0.179,0.048
00-0038547,2025,13,0.154,0.038
00-0038547,2025,14,0.13,0.065
00-0038547,2025,15,0.1,0.0
00-0038547,2025,16,0.111,0.0
00-0038547,2025,17,0.356,0.105
00-0038547,2025,18,0.192,0.059
00-0038558,2025,1,0.206,0.0
00-0038558,2025,2,0.158,0.059
00-0038558,2025,3,0.125,0.0
00-0038558,2025,4,0.6,0.2
00-0038558,2025,6,0.613,0.222
00-0038558,2025,7,0.371,0.143
00-0038558,2025,8,0.231,0.0
00-0038558,2025,9,0.282,0.217
00-0038558,2025,10,0.176,0.05
00-0038558,2025,11,0.545,0.167
00-0038558,2025,12,0.353,0.0
00-0038558,2025,13,0.68,0.167
00-0038558,2025,14,0.286,0.0
00-0038558,2025,15,0.5,0.231
00-0038558,2025,16,0.378,0.111
00-0038558,2025,17,0.1,0.0
00-0038559,2025,1,0.676,0.13
00-0038559,2025,2,0.828,0.154
00-0038559,2025,3,0.775,0.083
00-0038559,2025,4,0.882,0.192
00-0038559,2025,5,0.595,0.15
00-0038559,2025,6,0.766,0.208
00-0038559,2025,7,0.783,0.115
00-0038559,2025,9,0.73,0.062
00-0038559,2025,10,0.944,0.207
00-0038559,2025,11,0.825,0.4
00-0038559,2025,12,0.831,0.371
00-0038559,2025,13,0.886,0.233
00-0038559,2025,14,0.8,0.533
00-0038559,2025,15,0.791,0.393
00-0038559,2025,16,0.758,0.158
00-0038559,2025,17,0.829,0.381
00-0038559,2025,18,0.9,0.4
00-0038563,2025,1,0.895,0.188
00-0038563,2025,2,0.917,0.412
00-0038563,2025,3,0.971,0.438
00-0038563,2025,4,0.955,0.25
00-0038563,2025,5,0.829,0.238
00-0038563,2025,6,0.92,0.556
00-0038563,2025,7,0.8,0.417
00-0038563,2025,9,1.0,0.095
00-0038563,2025,10,0.943,0.2
00-0038563,2025,11,0.939,0.261
00-0038563,2025,12,0.929,0.31
00-0038563,2025,13,0.893,0.176
00-0038563,2025,14,0.892,0.286
00-0038563,2025,15,0.933,0.143
00-0038563,2025,16,1.0,0.235
00-0038563,2025,17,0.914,0.2
00-0038563,2025,18,1.0,0.462
00-0038564,2025,2,0.0,0.0
00-0038564,2025,3,0.0,0.0
00-0038564,2025,4,0.032,0.0
00-0038564,2025,5,0.0,0.0
00-0038564,2025,6,0.026,0.0
00-0038564,2025,7,0.0,0.0
00-0038564,2025,8,0.037,0.0
00-0038564,2025,10,0.0,0.0
00-0038564,2025,11,0.0,0.0
00-0038564,2025,12,0.023,0.0
00-0038564,2025,13,0.031,0.0
00-0038564,2025,14,0.023,0.0
00-0038564,2025,15,0.0,0.0
00-0038564,2025,17,0.0,0.0
00-0038564,2025,18,0.133,0.0
00-0038573,2025,1,0.073,0.0
00-0038573,2025,2,0.031,0.0
00-0038573,2025,3,0.075,0.0
00-0038573,2025,7,0.033,0.0
00-0038573,2025,8,0.029,0.0
00-0038573,2025,9,0.026,0.0
00-0038573,2025,10,0.025,0.037
00-0038573,2025,11,0.156,0.071
00-0038573,2025,13,0.0,0.0
00-0038573,2025,14,0.0,0.0
00-0038573,2025,18,0.68,0.032
00-0038576,2025,1,0.0,0.0
00-0038576,2025,2,0.0,0.0
00-0038576,2025,3,0.065,0.0
00-0038576,2025,4,0.0,0.0
00-0038576,2025,5,0.0,0.0
00-0038576,2025,6,0.0,0.0
00-0038576,2025,7,0.0,0.0
00-0038576,2025,8,0.0,0.0
00-0038576,2025,9,0.0,0.0
00-0038576,2025,11,0.0,0.0
00-0038576,2025,12,0.158,0.045
00-0038576,2025,13,0.0,0.0
00-0038576,2025,14,0.054,0.0
00-0038576,2025,15,0.0,0.0
00-0038589,2025,10,0.049,0.0
00-0038589,2025,11,0.276,0.067
00-0038589,2025,12,0.208,0.067
00-0038589,2025,13,0.469,0.0
00-0038589,2025,14,0.385,0.083
00-0038589,2025,15,0.022,0.0
00-0038589,2025,17,0.5,0.053
00-0038589,2025,18,0.353,0.0
00-0038590,2025,1,0.0,0.0
00-0038590,2025,3,0.0,0.0
00-0038590,2025,4,0.0,0.0
00-0038590,2025,6,0.0,0.0
00-0038590,2025,7,0.0,0.0
00-0038606,2025,1,0.125,0.0
00-0038606,2025,2,0.227,0.143
00-0038606,2025,3,0.651,0.31
00-0038606,2025,4,0.839,0.062
00-0038606,2025,5,0.257,0.158
00-0038606,2025,6,0.36,0.174
00-0038606,2025,7,0.772,0.294
00-0038606,2025,9,0.816,0.36
00-0038606,2025,10,0.906,0.273
00-0038606,2025,11,0.917,0.182
00-0038606,2025,12,0.914,0.353
00-0038606,2025,13,0.375,0.182
00-0038606,2025,15,0.528,0.133
00-0038606,2025,16,0.651,0.312
00-0038606,2025,17,0.93,0.429
00-0038606,2025,18,0.806,0.5
00-0038608,2025,1,0.736,0.241
00-0038608,2025,2,0.667,0.048
00-0038608,2025,3,0.702,0.069
00-0038608,2025,4,0.682,0.167
00-0038608,2025,5,0.556,0.2
00-0038608,2025,6,0.677,0.167
00-0038608,2025,7,0.75,0.111
00-0038608,2025,8,0.882,0.238
00-0038608,2025,9,0.3,0.053
00-0038608,2025,12,0.769,0.056
00-0038608,2025,13,0.694,0.238
00-0038608,2025,15,0.897,0.059
00-0038608,2025,16,0.706,0.1
00-0038608,2025,18,0.714,0.267
00-0038618,2025,1,0.647,0.1
00-0038618,2025,2,0.667,0.083
00-0038618,2025,3,0.643,0.103
00-0038618,2025,4,0.719,0.105
00-0038618,2025,5,0.629,0.12
00-0038618,2025,7,0.759,0.133
00-0038618,2025,8,0.738,0.2
00-0038618,2025,9,0.66,0.179
00-0038618,2025,10,0.51,0.0
00-0038618,2025,11,0.489,0.138
00-0038618,2025,12,0.323,0.0
00-0038618,2025,13,0.514,0.24
00-0038618,2025,14,0.457,0.0
00-0038618,2025,15,0.387,0.062
00-0038618,2025,16,0.361,0.043
00-0038618,2025,17,0.5,0.143
00-0038618,2025,18,0.909,0.5
00-0038619,2025,1,0.714,0.0
00-0038619,2025,2,0.729,0.062
00-0038619,2025,3,0.452,0.0
00-0038619,2025,4,0.793,0.0
00-0038619,2025,5,0.778,0.179
00-0038619,2025,6,0.886,0.04
00-0038619,2025,7,0.633,0.088
00-0038619,2025,8,0.75,0.115
00-0038619,2025,9,0.9,0.161
00-0038619,2025,11,0.756,0.12
00-0038619,2025,12,0.868,0.136
00-0038619,2025,13,0.875,0.031
00-0038619,2025,14,0.622,0.111
00-0038619,2025,15,0.864,0.038
00-0038619,2025,16,0.417,0.0
00-0038619,2025,17,0.732,0.143
00-0038619,2025,18,0.571,0.053
00-0038621,2025,1,0.679,0.138
00-0038621,2025,2,0.3,0.048
00-0038621,2025,3,0.468,0.138
00-0038621,2025,4,0.182,0.0
00-0038621,2025,5,0.417,0.133
00-0038621,2025,6,0.419,0.222
00-0038621,2025,7,0.333,0.111
00-0038621,2025,8,0.265,0.0
00-0038621,2025,9,0.325,0.316
00-0038621,2025,10,0.306,0.105
00-0038621,2025,11,0.405,0.111
00-0038621,2025,12,0.231,0.056
00-0038621,2025,13,0.361,0.143
00-0038621,2025,15,0.207,0.0
00-0038621,2025,16,0.235,0.0
00-0038621,2025,17,0.143,0.056
00-0038621,2025,18,0.429,0.133
00-0038640,2025,5,0.0,0.0
00-0038640,2025,14,0.34,0.0
00-0038640,2025,15,0.721,0.107
00-0038640,2025,16,0.061,0.0
00-0038640,2025,17,0.268,0.0
00-0038640,2025,18,0.175,0.0
00-0038643,2025,2,0.071,0.04
00-0038643,2025,3,0.0,0.0
00-0038643,2025,4,0.025,0.0
00-0038643,2025,5,0.02,0.0
00-0038643,2025,6,0.0,0.0
00-0038643,2025,17,0.0,0.0
00-0038647,2025,17,0.0,0.0
00-0038647,2025,18,0.476,0.167
00-0038679,2025,1,0.078,0.0
00-0038679,2025,2,0.258,0.056
00-0038679,2025,3,0.125,0.053
00-0038679,2025,4,0.107,0.0
00-0038679,2025,5,0.231,0.059
00-0038679,2025,6,0.618,0.167
00-0038679,2025,8,0.16,0.0
00-0038679,2025,9,0.3,0.067
00-0038679,2025,10,0.413,0.0
00-0038679,2025,11,0.375,0.105
00-0038679,2025,12,0.267,0.0
00-0038679,2025,13,0.296,0.0
00-0038679,2025,14,0.389,0.0
00-0038679,2025,15,0.333,0.0
00-0038679,2025,16,0.609,0.167
00-0038679,2025,17,0.429,0.1
00-0038679,2025,18,0.0,0.0
00-0038710,2025,1,0.021,0.0
00-0038710,2025,2,0.02,0.0
00-0038710,2025,3,0.0,0.0
00-0038710,2025,4,0.105,0.042
00-0038710,2025,5,0.0,0.0
00-0038710,2025,6,0.207,0.0
00-0038710,2025,7,0.348,0.077
00-0038710,2025,8,0.053,0.0
00-0038710,2025,10,0.023,0.0
00-0038710,2025,12,0.0,0.0
00-0038710,2025,13,0.033,0.0
00-0038710,2025,14,0.255,0.0
00-0038710,2025,15,0.119,0.0
00-0038710,2025,16,0.27,0.0
00-0038710,2025,17,0.464,0.0
00-0038710,2025,18,0.3,0.0
00-0038720,2025,1,0.278,0.0
00-0038720,2025,2,0.162,0.0
00-0038720,2025,3,0.171,0.0
00-0038720,2025,4,0.37,0.1
00-0038720,2025,5,0.275,0.115
00-0038720,2025,6,0.25,0.105
00-0038720,2025,7,0.306,0.05
00-0038720,2025,11,0.13,0.062
00-0038720,2025,13,0.143,0.062
00-0038720,2025,14,0.045,0.0
00-0038720,2025,15,0.212,0.111
00-0038720,2025,16,0.065,0.0
00-0038720,2025,17,0.24,0.062
00-0038720,2025,18,0.2,0.053
00-0038728,2025,8,0.333,0.067
00-0038735,2025,9,0.0,0.0
00-0038740,2025,4,0.0,0.0
00-0038740,2025,5,0.0,0.0
00-0038740,2025,6,0.029,0.0
00-0038752,2025,2,0.086,0.0
00-0038752,2025,3,0.095,0.0
00-0038752,2025,4,0.067,0.0
00-0038752,2025,5,0.059,0.0
00-0038752,2025,6,0.069,0.0
00-0038752,2025,7,0.143,0.0
00-0038752,2025,12,0.037,0.0
00-0038752,2025,14,0.059,0.0
00-0038752,2025,15,0.081,0.0
00-0038752,2025,17,0.258,0.0
00-0038752,2025,18,0.033,0.0
00-0038783,2025,3,0.156,0.0
00-0038783,2025,4,0.227,0.087
00-0038783,2025,5,0.186,0.036
00-0038783,2025,6,0.121,0.1
00-0038783,2025,7,0.154,0.059
00-0038783,2025,8,0.069,0.04
00-0038783,2025,15,0.056,0.0
00-0038783,2025,16,0.041,0.0
00-0038783,2025,18,0.0,0.0
00-0038809,2025,6,0.0,0.0
00-0038809,2025,10,0.0,0.0
00-0038809,2025,12,0.0,0.0
00-0038809,2025,13,0.0,0.0
00-0038809,2025,14,0.241,0.048
00-0038809,2025,15,0.154,0.0
00-0038809,2025,16,0.034,0.0
00-0038809,2025,17,0.2,0.0
00-0038809,2025,18,0.353,0.105
00-0038824,2025,1,0.081,0.0
00-0038824,2025,2,0.044,0.0
00-0038824,2025,3,0.091,0.05
00-0038824,2025,4,0.047,0.0
00-0038824,2025,5,0.053,0.0
00-0038824,2025,6,0.12,0.0
00-0038824,2025,7,0.074,0.034
00-0038824,2025,8,0.0,0.0
00-0038824,2025,10,0.0,0.0
00-0038824,2025,11,0.061,0.0
00-0038824,2025,12,0.0,0.0
00-0038824,2025,13,0.03,0.0
00-0038824,2025,14,0.0,0.0
00-0038839,2025,1,0.071,0.0
00-0038839,2025,2,0.083,0.031
00-0038839,2025,3,0.065,0.062
00-0038839,2025,4,0.103,0.059
00-0038839,2025,5,0.022,0.0
00-0038839,2025,6,0.091,0.0
00-0038839,2025,7,0.041,0.0
00-0038839,2025,8,0.139,0.0
00-0038839,2025,9,0.24,0.065
00-0038839,2025,11,0.049,0.0
00-0038839,2025,12,0.711,0.227
00-0038839,2025,13,0.604,0.188
00-0038839,2025,14,0.027,0.0
00-0038839,2025,15,0.386,0.038
00-0038839,2025,16,0.167,0.045
00-0038839,2025,17,0.244,0.0
00-0038839,2025,18,0.048,0.0
00-0038840,2025,1,0.25,0.0
00-0038840,2025,2,0.22,0.121
00-0038840,2025,3,0.185,0.1
00-0038840,2025,4,0.842,0.125
00-0038840,2025,5,0.212,0.0
00-0038840,2025,6,0.148,0.0
00-0038840,2025,7,0.111,0.0
00-0038840,2025,8,0.062,0.0
00-0038840,2025,9,0.087,0.1
00-0038840,2025,11,0.26,0.067
00-0038840,2025,12,0.029,0.0
00-0038840,2025,13,0.083,0.0
00-0038840,2025,15,0.065,0.0
00-0038840,2025,16,0.083,0.0
00-0038840,2025,17,0.097,0.1
00-0038840,2025,18,0.118,0.048
00-0038891,2025,7,0.1,0.0
00-0038891,2025,14,0.054,0.071
00-0038891,2025,15,0.1,0.0
00-0038891,2025,17,0.171,0.1
00-0038891,2025,18,0.129,0.077
00-0038911,2025,14,0.0,0.0
00-0038933,2025,1,0.569,0.115
00-0038933,2025,2,0.581,0.167
00-0038933,2025,3,0.562,0.316
00-0038933,2025,4,0.536,0.062
00-0038933,2025,5,0.538,0.176
00-0038933,2025,8,0.32,0.2
00-0038933,2025,9,0.467,0.267
00-0038933,2025,10,0.217,0.136
00-0038933,2025,14,0.417,0.278
00-0038933,2025,15,0.424,0.176
00-0038933,2025,16,0.478,0.083
00-0038933,2025,18,0.2,0.15
00-0038935,2025,1,0.625,0.222
00-0038935,2025,2,0.682,0.143
00-0038935,2025,3,0.651,0.172
00-0038935,2025,4,0.742,0.25
00-0038935,2025,5,0.257,0.053
00-0038935,2025,12,0.657,0.235
00-0038935,2025,13,0.75,0.182
00-0038935,2025,14,0.636,0.333
00-0038935,2025,15,0.667,0.067
00-0038935,2025,16,0.674,0.25
00-0038935,2025,17,0.674,0.19
00-0038935,2025,18,0.694,0.222
00-0038938,2025,3,0.132,0.0
00-0038938,2025,4,0.433,0.0
00-0038938,2025,5,0.511,0.077
00-0038938,2025,6,0.545,0.417
00-0038938,2025,7,0.324,0.05
00-0038938,2025,9,0.0,0.0
00-0038938,2025,11,0.71,0.15
00-0038938,2025,15,0.068,0.036
00-0038953,2025,8,0.094,0.0
00-0038953,2025,9,0.025,0.0
00-0038953,2025,12,0.346,0.077
00-0038953,2025,13,0.429,0.043
00-0038953,2025,14,0.645,0.1
00-0038953,2025,15,0.341,0.0
00-0038953,2025,16,0.0,0.0
00-0038953,2025,17,0.0,0.0
00-0038953,2025,18,0.028,0.0
00-0038976,2025,1,0.512,0.13
00-0038976,2025,2,0.312,0.095
00-0038976,2025,3,0.531,0.19
00-0038976,2025,4,0.477,0.217
00-0038976,2025,5,0.419,0.143
00-0038976,2025,6,0.455,0.15
00-0038976,2025,7,0.577,0.206
00-0038976,2025,8,0.345,0.04
00-0038976,2025,11,0.244,0.0
00-0038976,2025,13,0.417,0.048
00-0038976,2025,14,0.372,0.0
00-0038976,2025,15,0.333,0.312
00-0038976,2025,16,0.306,0.037
00-0038976,2025,17,0.591,0.182
00-0038976,2025,18,0.364,0.167
00-0038979,2025,1,0.917,0.24
00-0038979,2025,2,0.863,0.143
00-0038979,2025,3,0.73,0.125
00-0038979,2025,4,0.237,0.042
00-0038979,2025,10,0.674,0.148
00-0038979,2025,11,0.697,0.176
00-0038979,2025,12,0.524,0.25
00-0038979,2025,13,0.6,0.0
00-0038979,2025,14,0.553,0.111
00-0038979,2025,15,0.024,0.0
00-0038979,2025,16,0.378,0.0
00-0038979,2025,17,0.536,0.071
00-0038979,2025,18,0.733,0.2
00-0038994,2025,4,0.925,0.227
00-0038994,2025,5,0.659,0.214
00-0038994,2025,7,0.935,0.407
00-0038994,2025,8,0.806,0.1
00-0038994,2025,9,0.871,0.267
00-0038994,2025,10,0.894,0.2
00-0038994,2025,11,0.938,0.292
00-0038994,2025,12,0.96,0.083
00-0038994,2025,13,0.853,0.389
00-0038994,2025,14,0.69,0.333
00-0038994,2025,15,0.654,0.111
00-0038994,2025,16,0.483,0.111
00-0038994,2025,17,0.76,0.1
00-0038994,2025,18,0.882,0.158
00-0038996,2025,1,0.739,0.071
00-0038996,2025,2,0.765,0.25
00-0038996,2025,3,0.677,0.222
00-0038996,2025,4,0.717,0.148
00-0038996,2025,6,0.688,0.111
00-0038996,2025,7,0.788,0.316
00-0038996,2025,8,0.757,0.348
00-0038996,2025,9,0.447,0.043
00-0038997,2025,1,0.485,0.111
00-0038997,2025,2,0.605,0.276
00-0038997,2025,3,0.519,0.125
00-0038997,2025,4,0.629,0.167
00-0038997,2025,5,0.719,0.304
00-0038997,2025,6,0.576,0.35
00-0038997,2025,8,0.629,0.048
00-0038997,2025,9,0.709,0.2
00-0038997,2025,10,0.538,0.091
00-0038997,2025,12,0.424,0.214
00-0038997,2025,13,0.643,0.278
00-0038997,2025,14,0.564,0.125
00-0038997,2025,15,0.821,0.174
00-0038997,2025,16,0.842,0.346
00-0038997,2025,17,0.727,0.174
00-0038997,2025,18,0.605,0.174
00-0039041,2025,1,0.189,0.087
00-0039041,2025,2,0.345,0.0
00-0039041,2025,3,0.075,0.042
00-0039041,2025,4,0.039,0.0
00-0039041,2025,5,0.216,0.1
00-0039041,2025,6,0.362,0.0
00-0039041,2025,7,0.435,0.0
00-0039041,2025,9,0.27,0.0
00-0039041,2025,10,0.315,0.069
00-0039041,2025,11,0.351,0.029
00-0039041,2025,12,0.339,0.0
00-0039041,2025,13,0.364,0.033
00-0039041,2025,14,0.62,0.033
00-0039041,2025,15,0.628,0.036
00-0039041,2025,16,0.758,0.211
00-0039041,2025,17,0.537,0.0
00-0039041,2025,18,0.6,0.067
00-0039050,2025,1,0.081,0.0
00-0039050,2025,2,0.067,0.0
00-0039050,2025,3,0.091,0.0
00-0039050,2025,4,0.0,0.0
00-0039050,2025,5,0.026,0.0
00-0039050,2025,6,0.0,0.0
00-0039050,2025,7,0.148,0.0
00-0039050,2025,8,0.148,0.0
00-0039050,2025,10,0.089,0.038
00-0039050,2025,11,0.03,0.0
00-0039050,2025,12,0.024,0.0
00-0039050,2025,13,0.152,0.059
00-0039050,2025,14,0.029,0.0
00-0039050,2025,15,0.3,0.0
00-0039050,2025,16,0.0,0.0
00-0039050,2025,17,0.06,0.0
00-0039050,2025,18,0.107,0.0
00-0039062,2025,12,0.026,0.0
00-0039062,2025,14,0.222,0.0
00-0039062,2025,15,0.05,0.0
00-0039062,2025,16,0.306,0.0
00-0039062,2025,17,0.022,0.0
00-0039062,2025,18,0.462,0.059
00-0039064,2025,1,0.909,0.533
00-0039064,2025,2,0.879,0.368
00-0039064,2025,3,0.921,0.15
00-0039064,2025,4,0.95,0.263
00-0039064,2025,5,1.0,0.333
00-0039064,2025,6,0.949,0.353
00-0039064,2025,8,0.88,0.444
00-0039064,2025,9,0.926,0.286
00-0039064,2025,10,0.848,0.278
00-0039064,2025,11,0.935,0.286
00-0039064,2025,12,0.931,0.375
00-0039064,2025,13,0.921,0.2
00-0039064,2025,14,0.95,0.529
00-0039064,2025,15,0.889,0.286
00-0039064,2025,16,0.955,0.333
00-0039064,2025,17,0.958,0.25
00-0039064,2025,18,0.952,0.5
00-0039065,2025,1,0.884,0.286
00-0039065,2025,2,0.69,0.105
00-0039065,2025,3,0.621,0.095
00-0039065,2025,4,0.815,0.211
00-0039065,2025,5,0.75,0.167
00-0039065,2025,6,0.806,0.118
00-0039065,2025,7,0.735,0.15
00-0039065,2025,9,0.833,0.231
00-0039065,2025,10,0.714,0.143
00-0039066,2025,1,0.421,0.125
00-0039066,2025,2,0.167,0.059
00-0039066,2025,3,0.059,0.062
00-0039066,2025,6,0.8,0.333
00-0039066,2025,7,0.8,0.0
00-0039066,2025,9,0.698,0.286
00-0039066,2025,10,0.4,0.267
00-0039066,2025,11,0.571,0.13
00-0039066,2025,12,0.107,0.0
00-0039066,2025,15,0.1,0.0
00-0039066,2025,16,0.577,0.118
00-0039066,2025,17,0.829,0.5
00-0039066,2025,18,0.71,0.154
00-0039067,2025,7,0.425,0.321
00-0039067,2025,8,0.725,0.304
00-0039067,2025,9,0.763,0.316
00-0039067,2025,11,0.653,0.2
00-0039067,2025,12,0.704,0.36
00-0039067,2025,13,0.9,0.455
00-0039067,2025,14,0.756,0.222
00-0039067,2025,15,0.95,0.444
00-0039074,2025,1,0.344,0.074
00-0039074,2025,2,0.118,0.036
00-0039074,2025,3,0.176,0.0
00-0039074,2025,4,0.136,0.036
00-0039074,2025,5,0.447,0.032
00-0039074,2025,6,0.207,0.0
00-0039074,2025,7,0.206,0.0
00-0039074,2025,9,0.206,0.16
00-0039074,2025,10,0.216,0.048
00-0039074,2025,11,0.071,0.0
00-0039074,2025,12,0.389,0.13
00-0039074,2025,13,0.267,0.056
00-0039074,2025,14,0.452,0.087
00-0039074,2025,15,0.39,0.094
00-0039074,2025,16,0.412,0.037
00-0039074,2025,17,0.22,0.0
00-0039074,2025,18,0.463,0.042
00-0039075,2025,1,0.656,0.407
00-0039075,2025,2,0.765,0.321
00-0039075,2025,3,0.882,0.583
00-0039075,2025,4,0.864,0.5
00-0039075,2025,5,0.915,0.323
00-0039075,2025,6,0.552,0.143
00-0039075,2025,9,0.618,0.28
00-0039075,2025,10,0.622,0.238
00-0039075,2025,11,0.679,0.375
00-0039075,2025,12,0.778,0.304
00-0039075,2025,13,0.867,0.389
00-0039075,2025,14,0.645,0.435
00-0039075,2025,15,0.634,0.344
00-0039075,2025,16,0.863,0.481
00-0039075,2025,17,0.829,0.435
00-0039075,2025,18,0.756,0.333
00-0039144,2025,1,0.174,0.071
00-0039144,2025,2,0.176,0.1
00-0039144,2025,3,0.065,0.0
00-0039144,2025,4,0.13,0.037
00-0039144,2025,6,0.344,0.056
00-0039144,2025,7,0.394,0.0
00-0039144,2025,8,0.135,0.0
00-0039144,2025,9,0.421,0.087
00-0039144,2025,10,0.78,0.158
00-0039144,2025,11,0.345,0.067
00-0039144,2025,12,0.333,0.067
00-0039144,2025,13,0.438,0.05
00-0039144,2025,14,0.346,0.167
00-0039144,2025,15,0.5,0.263
00-0039144,2025,16,0.742,0.158
00-0039144,2025,17,0.375,0.0
00-0039144,2025,18,0.059,0.0
00-0039146,2025,1,0.522,0.286
00-0039146,2025,2,0.059,0.0
00-0039146,2025,14,0.654,0.25
00-0039146,2025,15,0.674,0.158
00-0039146,2025,16,0.839,0.158
00-0039146,2025,17,0.562,0.105
00-0039146,2025,18,0.235,0.0
00-0039305,2025,1,0.0,0.0
00-0039305,2025,2,0.0,0.0
00-0039305,2025,3,0.0,0.0
00-0039305,2025,4,0.0,0.0
00-0039305,2025,5,0.0,0.0
00-0039305,2025,6,0.0,0.0
00-0039305,2025,7,0.0,0.0
00-0039305,2025,8,0.0,0.0
00-0039305,2025,9,0.0,0.0
00-0039305,2025,10,0.0,0.0
00-0039305,2025,11,0.0,0.0
00-0039305,2025,12,0.0,0.0
00-0039305,2025,13,0.0,0.0
00-0039305,2025,15,0.0,0.0
00-0039305,2025,16,0.0,0.0
00-0039305,2025,17,0.0,0.0
00-0039305,2025,18,0.0,0.0
00-0039337,2025,1,0.911,0.478
00-0039337,2025,2,0.933,0.444
00-0039337,2025,3,0.895,0.267
00-0039337,2025,4,0.333,0.125
00-0039338,2025,1,0.605,0.375
00-0039338,2025,2,0.792,0.294
00-0039338,2025,3,0.882,0.25
00-0039338,2025,4,0.773,0.5
00-0039338,2025,9,0.814,0.476
00-0039338,2025,10,0.714,0.133
00-0039338,2025,11,0.939,0.435
00-0039338,2025,12,0.875,0.276
00-0039338,2025,13,0.929,0.235
00-0039338,2025,14,0.946,0.214
00-0039338,2025,15,0.933,0.5
00-0039338,2025,16,0.962,0.294
00-0039342,2025,1,0.775,0.273
00-0039342,2025,2,0.797,0.152
00-0039342,2025,5,0.758,0.118
00-0039342,2025,6,0.852,0.071
00-0039342,2025,7,0.861,0.476
00-0039342,2025,8,0.875,0.111
00-0039342,2025,9,0.696,0.3
00-0039342,2025,10,0.815,0.0
00-0039342,2025,11,0.6,0.233
00-0039342,2025,12,0.676,0.2
00-0039342,2025,13,0.708,0.091
00-0039342,2025,15,0.774,0.091
00-0039342,2025,16,0.722,0.167
00-0039342,2025,17,0.613,0.1
00-0039342,2025,18,0.441,0.143
00-0039355,2025,1,0.0,0.0
00-0039355,2025,2,0.235,0.0
00-0039355,2025,3,0.455,0.188
00-0039355,2025,4,0.414,0.077
00-0039355,2025,5,0.355,0.059
00-0039355,2025,6,0.371,0.0
00-0039355,2025,7,0.5,0.095
00-0039355,2025,8,0.514,0.118
00-0039355,2025,9,0.0,0.0
00-0039356,2025,1,0.625,0.091
00-0039356,2025,2,0.644,0.242
00-0039356,2025,3,0.556,0.05
00-0039356,2025,7,0.389,0.048
00-0039356,2025,8,0.5,0.111
00-0039356,2025,9,0.348,0.1
00-0039356,2025,10,0.407,0.214
00-0039356,2025,11,0.4,0.133
00-0039356,2025,12,0.471,0.067
00-0039356,2025,13,0.458,0.0
00-0039356,2025,15,0.581,0.091
00-0039356,2025,16,0.528,0.0
00-0039356,2025,17,0.0,0.0
00-0039359,2025,1,0.353,0.1
00-0039359,2025,11,0.149,0.0
00-0039359,2025,12,0.258,0.111
00-0039359,2025,13,0.135,0.08
00-0039359,2025,14,0.086,0.0
00-0039359,2025,15,0.226,0.188
00-0039359,2025,16,0.306,0.13
00-0039359,2025,17,0.143,0.0
00-0039359,2025,18,0.303,0.062
00-0039379,2025,1,0.292,0.0
00-0039379,2025,2,0.275,0.036
00-0039379,2025,3,0.243,0.125
00-0039379,2025,4,0.289,0.0
00-0039379,2025,5,0.371,0.048
00-0039379,2025,6,0.397,0.056
00-0039379,2025,7,0.348,0.0
00-0039379,2025,8,0.526,0.056
00-0039379,2025,10,0.372,0.037
00-0039394,2025,1,0.936,0.107
00-0039394,2025,4,0.607,0.062
00-0039394,2025,6,0.743,0.08
00-0039394,2025,7,0.119,0.04
00-0039394,2025,8,0.062,0.062
00-0039394,2025,10,0.0,0.0
00-0039394,2025,11,0.032,0.0
00-0039397,2025,18,0.0,0.0
00-0039410,2025,2,0.035,0.0
00-0039410,2025,3,0.362,0.062
00-0039410,2025,4,0.195,0.0
00-0039410,2025,5,0.576,0.263
00-0039410,2025,6,0.735,0.111
00-0039410,2025,7,0.091,0.0
00-0039410,2025,8,0.31,0.071
00-0039410,2025,9,0.66,0.08
00-0039410,2025,11,0.265,0.059
00-0039410,2025,12,0.462,0.0
00-0039410,2025,13,0.359,0.115
00-0039410,2025,14,0.685,0.29
00-0039410,2025,15,0.65,0.143
00-0039410,2025,16,0.361,0.095
00-0039410,2025,18,0.885,0.353
00-0039424,2025,1,0.149,0.048
00-0039424,2025,2,0.125,0.05
00-0039424,2025,4,0.029,0.0
00-0039424,2025,5,0.344,0.111
00-0039424,2025,6,0.3,0.0
00-0039424,2025,7,0.216,0.0
00-0039424,2025,8,0.483,0.19
00-0039424,2025,9,0.2,0.0
00-0039424,2025,10,1.0,0.133
00-0039424,2025,12,0.885,0.111
00-0039424,2025,13,0.822,0.238
00-0039424,2025,14,0.917,0.286
00-0039424,2025,15,0.475,0.105
00-0039451,2025,2,0.0,0.0
00-0039451,2025,3,0.0,0.0
00-0039451,2025,4,0.029,0.0
00-0039451,2025,6,0.0,0.0
00-0039451,2025,7,0.0,0.0
00-0039451,2025,8,0.378,0.167
00-0039451,2025,10,0.562,0.125
00-0039451,2025,11,0.727,0.143
00-0039451,2025,12,0.412,0.0
00-0039451,2025,13,0.39,0.2
00-0039451,2025,14,0.525,0.143
00-0039451,2025,15,0.683,0.5
00-0039451,2025,16,0.773,0.176
00-0039451,2025,17,0.771,0.375
00-0039451,2025,18,0.583,0.7
00-0039458,2025,4,0.0,0.0
00-0039458,2025,5,0.0,0.0
00-0039458,2025,7,0.0,0.0
00-0039458,2025,11,0.0,0.0
00-0039458,2025,12,0.0,0.0
00-0039458,2025,15,0.0,0.0
00-0039458,2025,16,0.0,0.0
00-0039458,2025,17,0.0,0.0
00-0039458,2025,18,0.0,0.0
00-0039489,2025,8,0.0,0.0
00-0039489,2025,9,0.0,0.0
00-0039489,2025,10,0.048,0.0
00-0039489,2025,11,0.043,0.0
00-0039491,2025,7,0.444,0.095
00-0039491,2025,8,0.75,0.167
00-0039491,2025,9,0.783,0.0
00-0039491,2025,10,0.815,0.214
00-0039491,2025,11,0.72,0.1
00-0039491,2025,12,0.824,0.267
00-0039491,2025,13,0.708,0.455
00-0039491,2025,15,0.839,0.182
00-0039491,2025,16,0.778,0.167
00-0039491,2025,17,0.806,0.1
00-0039491,2025,18,0.912,0.333
00-0039518,2025,3,0.067,0.0
00-0039518,2025,17,0.032,0.0
00-0039518,2025,18,0.048,0.0
00-0039521,2025,4,0.196,0.038
00-0039521,2025,7,0.087,0.0
00-0039521,2025,9,0.027,0.0
00-0039521,2025,11,0.737,0.057
00-0039521,2025,12,0.678,0.057
00-0039521,2025,13,0.386,0.033
00-0039521,2025,16,0.333,0.053
00-0039521,2025,17,0.732,0.048
00-0039521,2025,18,0.8,0.0
00-0039530,2025,1,0.118,0.045
00-0039530,2025,2,0.035,0.0
00-0039530,2025,3,0.064,0.0
00-0039530,2025,4,0.049,0.0
00-0039530,2025,5,0.152,0.0
00-0039530,2025,6,0.088,0.056
00-0039530,2025,7,0.0,0.0
00-0039530,2025,8,0.143,0.036
00-0039530,2025,9,0.043,0.0
00-0039530,2025,11,0.147,0.0
00-0039530,2025,12,0.051,0.0
00-0039530,2025,13,0.077,0.0
00-0039530,2025,14,0.056,0.032
00-0039530,2025,15,0.1,0.071
00-0039530,2025,16,0.083,0.0
00-0039530,2025,17,0.422,0.053
00-0039530,2025,18,0.154,0.176
00-0039589,2025,1,0.0,0.0
00-0039589,2025,2,0.044,0.0
00-0039589,2025,3,0.03,0.0
00-0039589,2025,4,0.07,0.0
00-0039589,2025,5,0.079,0.0
00-0039589,2025,6,0.48,0.25
00-0039589,2025,7,0.167,0.034
00-0039589,2025,8,0.0,0.0
00-0039589,2025,10,0.111,0.038
00-0039589,2025,11,0.0,0.0
00-0039589,2025,12,0.024,0.0
00-0039589,2025,13,0.0,0.0
00-0039589,2025,14,0.086,0.0
00-0039589,2025,15,0.0,0.0
00-0039589,2025,16,0.0,0.0
00-0039589,2025,17,0.0,0.0
00-0039589,2025,18,0.0,0.0
00-0039623,2025,3,0.044,0.0
00-0039623,2025,4,0.029,0.0
00-0039623,2025,5,0.031,0.0
00-0039623,2025,6,0.0,0.0
00-0039623,2025,7,0.135,0.067
00-0039623,2025,8,0.05,0.0
00-0039623,2025,9,0.08,0.0
00-0039623,2025,10,0.097,0.0
00-0039623,2025,12,0.731,0.148
00-0039623,2025,13,0.867,0.095
00-0039623,2025,14,0.542,0.0
00-0039623,2025,15,0.775,0.105
00-0039623,2025,16,0.5,0.132
00-0039631,2025,3,0.097,0.062
00-0039631,2025,4,0.0,0.0
00-0039631,2025,7,0.02,0.0
00-0039631,2025,15,0.0,0.0
00-0039631,2025,16,0.028,0.045
00-0039648,2025,1,0.0,0.0
00-0039648,2025,3,0.0,0.0
00-0039648,2025,5,0.071,0.0
00-0039648,2025,6,0.047,0.056
00-0039648,2025,7,0.051,0.0
00-0039648,2025,8,0.048,0.0
00-0039648,2025,9,0.0,0.0
00-0039648,2025,11,0.0,0.0
00-0039648,2025,12,0.0,0.0
00-0039648,2025,13,0.024,0.0
00-0039648,2025,14,0.069,0.05
00-0039648,2025,15,0.069,0.0
00-0039648,2025,16,0.065,0.0
00-0039648,2025,17,0.022,0.0
00-0039648,2025,18,0.229,0.0
00-0039650,2025,1,0.088,0.056
00-0039650,2025,2,0.122,0.0
00-0039650,2025,18,0.257,0.0
00-0039686,2025,1,0.027,0.0
00-0039686,2025,2,0.02,0.0
00-0039686,2025,3,0.091,0.0
00-0039686,2025,4,0.034,0.0
00-0039686,2025,5,0.032,0.0
00-0039686,2025,6,0.029,0.0
00-0039686,2025,7,0.025,0.0
00-0039686,2025,10,0.0,0.0
00-0039686,2025,11,0.094,0.048
00-0039686,2025,13,0.018,0.025
00-0039686,2025,14,0.156,0.071
00-0039686,2025,15,0.192,0.0
00-0039686,2025,17,0.0,0.0
00-0039686,2025,18,0.148,0.0
00-0039710,2025,18,0.0,0.0
00-0039737,2025,1,0.324,0.043
00-0039737,2025,3,0.325,0.083
00-0039737,2025,4,0.039,0.0
00-0039737,2025,5,0.135,0.05
00-0039739,2025,1,0.176,0.0
00-0039739,2025,2,0.395,0.118
00-0039739,2025,3,0.25,0.0
00-0039739,2025,4,0.0,0.0
00-0039739,2025,6,0.258,0.056
00-0039739,2025,7,0.514,0.095
00-0039739,2025,8,0.513,0.176
00-0039739,2025,9,0.385,0.087
00-0039739,2025,10,0.382,0.1
00-0039739,2025,11,0.606,0.167
00-0039739,2025,12,0.294,0.111
00-0039739,2025,13,0.48,0.083
00-0039739,2025,17,0.025,0.0
00-0039751,2025,1,0.281,0.0
00-0039751,2025,2,0.471,0.071
00-0039751,2025,3,0.353,0.083
00-0039751,2025,4,0.636,0.036
00-0039751,2025,5,0.298,0.097
00-0039751,2025,6,0.828,0.143
00-0039751,2025,7,0.588,0.136
00-0039751,2025,9,0.5,0.0
00-0039751,2025,10,0.135,0.0
00-0039751,2025,11,0.5,0.0
00-0039751,2025,12,0.444,0.087
00-0039751,2025,13,0.1,0.056
00-0039751,2025,14,0.097,0.0
00-0039751,2025,15,0.098,0.0
00-0039751,2025,16,0.078,0.037
00-0039751,2025,17,0.122,0.0
00-0039751,2025,18,0.0,0.0
00-0039754,2025,4,0.0,0.0
00-0039754,2025,5,0.053,0.0
00-0039754,2025,6,0.0,0.0
00-0039754,2025,7,0.019,0.0
00-0039754,2025,8,0.0,0.0
00-0039754,2025,10,0.089,0.0
00-0039754,2025,11,0.03,0.0
00-0039754,2025,12,0.0,0.0
00-0039754,2025,13,0.03,0.0
00-0039754,2025,14,0.0,0.0
00-0039754,2025,15,0.35,0.048
00-0039792,2025,2,0.152,0.105
00-0039792,2025,3,0.158,0.05
00-0039792,2025,4,0.075,0.0
00-0039792,2025,5,0.0,0.0
00-0039792,2025,11,0.161,0.0
00-0039792,2025,12,0.241,0.062
00-0039792,2025,13,0.237,0.1
00-0039792,2025,15,0.444,0.0
00-0039792,2025,16,0.0,0.0
00-0039792,2025,17,0.125,0.0
00-0039792,2025,18,0.571,0.2
00-0039793,2025,1,0.75,0.056
00-0039793,2025,2,0.657,0.043
00-0039793,2025,3,0.476,0.091
00-0039793,2025,4,0.6,0.111
00-0039793,2025,5,0.588,0.16
00-0039793,2025,6,0.586,0.15
00-0039793,2025,7,0.629,0.05
00-0039793,2025,9,0.75,0.143
00-0039793,2025,10,0.385,0.0
00-0039793,2025,11,0.822,0.15
00-0039793,2025,12,0.63,0.067
00-0039793,2025,13,0.667,0.333
00-0039793,2025,14,0.647,0.235
00-0039793,2025,15,0.703,0.067
00-0039793,2025,16,0.821,0.222
00-0039793,2025,17,0.581,0.118
00-0039793,2025,18,0.633,0.067
00-0039816,2025,1,0.0,0.0
00-0039816,2025,2,0.0,0.0
00-0039816,2025,3,0.0,0.0
00-0039816,2025,4,0.0,0.0
00-0039816,2025,5,0.062,0.0
00-0039816,2025,6,0.0,0.0
00-0039816,2025,7,0.6,0.038
00-0039816,2025,8,0.029,0.0
00-0039816,2025,12,0.0,0.0
00-0039816,2025,13,0.0,0.0
00-0039816,2025,14,0.103,0.042
00-0039824,2025,13,0.1,0.045
00-0039824,2025,16,0.032,0.0
00-0039824,2025,17,0.042,0.0
00-0039824,2025,18,0.075,0.0
00-0039847,2025,1,0.667,0.043
00-0039847,2025,2,0.733,0.111
00-0039847,2025,3,0.605,0.067
00-0039847,2025,4,0.567,0.312
00-0039847,2025,5,0.689,0.231
00-0039847,2025,6,0.758,0.167
00-0039847,2025,7,0.919,0.25
00-0039847,2025,8,0.871,0.231
00-0039847,2025,9,0.718,0.158
00-0039847,2025,10,0.791,0.3
00-0039847,2025,11,0.839,0.2
00-0039847,2025,12,0.769,0.148
00-0039847,2025,13,0.733,0.368
00-0039847,2025,15,0.659,0.143
00-0039847,2025,16,0.684,0.222
00-0039849,2025,1,0.892,0.217
00-0039849,2025,2,0.966,0.231
00-0039849,2025,3,0.9,0.208
00-0039849,2025,4,0.902,0.231
00-0039849,2025,5,0.757,0.1
00-0039849,2025,6,0.213,0.042
00-0039849,2025,7,0.891,0.269
00-0039849,2025,9,0.811,0.562
00-0039849,2025,10,0.944,0.379
00-0039849,2025,13,0.591,0.233
00-0039849,2025,16,0.545,0.158
00-0039849,2025,17,0.293,0.048
00-0039855,2025,15,0.475,0.048
00-0039855,2025,16,0.567,0.111
00-0039855,2025,17,0.5,0.1
00-0039855,2025,18,0.464,0.077
00-0039868,2025,1,0.535,0.13
00-0039868,2025,2,0.844,0.381
00-0039868,2025,3,0.875,0.19
00-0039868,2025,4,0.705,0.174
00-0039868,2025,5,0.791,0.107
00-0039868,2025,6,0.636,0.15
00-0039868,2025,7,0.654,0.235
00-0039868,2025,8,0.828,0.32
00-0039868,2025,9,0.897,0.364
00-0039868,2025,10,0.9,0.455
00-0039868,2025,11,0.756,0.286
00-0039868,2025,13,0.646,0.095
00-0039868,2025,14,0.395,0.111
00-0039868,2025,15,0.583,0.25
00-0039868,2025,16,0.735,0.148
00-0039868,2025,17,0.341,0.182
00-0039868,2025,18,0.606,0.083
00-0039880,2025,1,0.722,0.158
00-0039880,2025,2,0.595,0.056
00-0039880,2025,3,0.657,0.158
00-0039880,2025,4,0.556,0.1
00-0039880,2025,5,0.6,0.115
00-0039880,2025,6,0.472,0.158
00-0039880,2025,7,0.778,0.35
00-0039880,2025,8,0.571,0.143
00-0039880,2025,9,0.69,0.08
00-0039880,2025,10,0.571,0.188
00-0039880,2025,11,0.652,0.125
00-0039880,2025,13,0.643,0.25
00-0039880,2025,14,0.545,0.125
00-0039880,2025,15,0.697,0.111
00-0039880,2025,16,0.613,0.0
00-0039880,2025,17,0.68,0.188
00-0039880,2025,18,0.6,0.211
00-0039884,2025,5,0.075,0.0
00-0039884,2025,9,0.19,0.04
00-0039884,2025,10,0.143,0.0
00-0039884,2025,11,0.0,0.0
00-0039884,2025,17,0.2,0.0
00-0039884,2025,18,0.5,0.158
00-0039890,2025,1,0.0,0.0
00-0039890,2025,2,0.0,0.0
00-0039890,2025,3,0.0,0.0
00-0039890,2025,4,0.0,0.0
00-0039890,2025,5,0.0,0.0
00-0039890,2025,7,0.0,0.0
00-0039890,2025,8,0.0,0.0
00-0039890,2025,9,0.0,0.0
00-0039890,2025,11,0.0,0.0
00-0039890,2025,12,0.0,0.0
00-0039890,2025,13,0.0,0.0
00-0039890,2025,14,0.0,0.0
00-0039890,2025,15,0.0,0.0
00-0039890,2025,16,0.0,0.0
00-0039890,2025,17,0.0,0.0
00-0039890,2025,18,0.0,0.0
00-0039893,2025,1,0.906,0.389
00-0039893,2025,2,0.864,0.286
00-0039893,2025,3,0.767,0.207
00-0039893,2025,4,0.871,0.438
00-0039893,2025,5,0.914,0.211
00-0039893,2025,6,0.8,0.435
00-0039893,2025,7,0.614,0.176
00-0039893,2025,9,0.737,0.2
00-0039893,2025,13,0.781,0.273
00-0039893,2025,14,0.879,0.4
00-0039893,2025,15,0.778,0.467
00-0039893,2025,16,0.767,0.125
00-0039893,2025,17,0.837,0.286
00-0039893,2025,18,0.639,0.167
00-0039894,2025,1,0.022,0.033
00-0039894,2025,4,0.6,0.276
00-0039894,2025,5,0.804,0.231
00-0039894,2025,6,0.684,0.143
00-0039894,2025,7,0.675,0.107
00-0039894,2025,8,0.825,0.304
00-0039894,2025,9,0.842,0.368
00-0039894,2025,11,0.612,0.143
00-0039894,2025,12,0.833,0.2
00-0039894,2025,13,0.775,0.136
00-0039894,2025,14,0.732,0.167
00-0039894,2025,15,0.625,0.111
00-0039894,2025,16,0.839,0.188
00-0039894,2025,17,0.583,0.154
00-0039901,2025,1,0.863,0.346
00-0039901,2025,2,0.548,0.167
00-0039901,2025,3,0.75,0.211
00-0039901,2025,4,0.714,0.25
00-0039901,2025,5,0.641,0.294
00-0039901,2025,6,0.853,0.278
00-0039901,2025,8,0.6,0.2
00-0039901,2025,9,0.567,0.067
00-0039901,2025,10,0.717,0.182
00-0039901,2025,13,0.407,0.167
00-0039901,2025,14,0.194,0.167
00-0039901,2025,15,0.515,0.0
00-0039901,2025,18,0.733,0.15
00-0039912,2025,1,0.0,0.0
00-0039912,2025,2,0.059,0.0
00-0039912,2025,3,0.318,0.0
00-0039912,2025,4,0.207,0.0
00-0039912,2025,5,0.129,0.0
00-0039912,2025,6,0.114,0.0
00-0039912,2025,7,0.175,0.0
00-0039912,2025,8,0.057,0.0
00-0039912,2025,9,0.086,0.0
00-0039912,2025,10,0.231,0.056
00-0039912,2025,13,0.036,0.0
00-0039912,2025,14,0.094,0.0
00-0039912,2025,15,0.385,0.083
00-0039912,2025,16,0.56,0.083
00-0039912,2025,17,0.654,0.308
00-0039912,2025,18,0.407,0.133
00-0039915,2025,1,0.927,0.28
00-0039915,2025,2,0.875,0.25
00-0039915,2025,3,0.962,0.219
00-0039915,2025,4,0.886,0.207
00-0039915,2025,5,0.744,0.174
00-0039915,2025,6,0.795,0.158
00-0039915,2025,7,0.934,0.29
00-0039915,2025,8,0.853,0.538
00-0039915,2025,9,0.795,0.188
00-0039915,2025,10,0.725,0.148
00-0039915,2025,11,0.594,0.143
00-0039915,2025,13,0.893,0.133
00-0039915,2025,14,0.927,0.154
00-0039915,2025,15,0.818,0.1
00-0039915,2025,16,0.909,0.238
00-0039915,2025,17,0.833,0.059
00-0039916,2025,1,0.795,0.286
00-0039916,2025,2,0.881,0.24
00-0039916,2025,3,0.976,0.357
00-0039916,2025,4,0.575,0.263
00-0039916,2025,11,0.778,0.0
00-0039916,2025,12,0.848,0.167
00-0039916,2025,13,0.875,0.118
00-0039916,2025,15,0.622,0.318
00-0039916,2025,17,0.816,0.333
00-0039919,2025,1,0.93,0.278
00-0039919,2025,2,0.925,0.375
00-0039919,2025,3,0.793,0.294
00-0039919,2025,4,0.732,0.316
00-0039919,2025,6,0.727,0.174
00-0039919,2025,7,0.926,0.188
00-0039919,2025,8,0.854,0.28
00-0039919,2025,9,0.909,0.118
00-0039919,2025,10,0.756,0.348
00-0039919,2025,11,0.694,0.286
00-0039919,2025,12,0.676,0.304
00-0039919,2025,13,0.65,0.15
00-0039920,2025,5,0.057,0.0
00-0039920,2025,6,0.017,0.0
00-0039920,2025,7,0.13,0.077
00-0039920,2025,8,0.053,0.0
00-0039920,2025,10,0.14,0.037
00-0039920,2025,11,0.333,0.118
00-0039920,2025,12,0.095,0.083
00-0039920,2025,13,0.033,0.0
00-0039920,2025,14,0.043,0.0
00-0039920,2025,15,0.167,0.0
00-0039920,2025,16,0.351,0.111
00-0039920,2025,17,0.286,0.071
00-0039920,2025,18,0.333,0.1
00-0040009,2025,1,0.043,0.071
00-0040009,2025,2,0.118,0.0
00-0040009,2025,3,0.097,0.0
00-0040009,2025,4,0.109,0.074
00-0040009,2025,6,0.156,0.0
00-0040009,2025,7,0.091,0.0
00-0040009,2025,8,0.054,0.043
00-0040009,2025,9,0.237,0.043
00-0040009,2025,10,0.098,0.105
00-0040009,2025,11,0.069,0.0
00-0040009,2025,12,0.042,0.0
00-0040009,2025,16,0.0,0.0
00-0040024,2025,1,0.03,0.0
00-0040024,2025,2,0.08,0.0
00-0040024,2025,3,0.081,0.0
00-0040024,2025,8,0.333,0.0
00-0040024,2025,10,0.138,0.0
00-0040024,2025,11,0.032,0.0
00-0040024,2025,12,0.116,0.0
00-0040024,2025,13,0.312,0.0
00-0040024,2025,14,0.209,0.0
00-0040024,2025,15,0.273,0.143
00-0040024,2025,16,0.054,0.0
00-0040024,2025,17,0.172,0.059
00-0040024,2025,18,0.733,0.182
00-0040058,2025,9,0.0,0.0
00-0040058,2025,10,0.077,0.0
00-0040058,2025,11,0.044,0.0
00-0040058,2025,12,0.037,0.0
00-0040058,2025,13,0.033,0.0
00-0040058,2025,14,0.118,0.0
00-0040058,2025,15,0.0,0.0
00-0040058,2025,16,0.0,0.0
00-0040058,2025,17,0.0,0.0
00-0040075,2025,1,0.0,0.0
00-0040075,2025,2,0.0,0.0
00-0040075,2025,3,0.0,0.0
00-0040075,2025,4,0.025,0.0
00-0040075,2025,5,0.048,0.0
00-0040075,2025,6,0.051,0.0
00-0040075,2025,9,0.0,0.0
00-0040075,2025,10,0.0,0.0
00-0040075,2025,11,0.097,0.0
00-0040075,2025,12,0.034,0.0
00-0040075,2025,13,0.026,0.0
00-0040075,2025,14,0.125,0.0
00-0040075,2025,15,0.167,0.0
00-0040075,2025,16,0.045,0.0
00-0040075,2025,17,0.083,0.0
00-0040075,2025,18,0.286,0.0
00-0040120,2025,18,0.025,0.0
00-0040124,2025,1,0.85,0.273
00-0040124,2025,2,0.881,0.212
00-0040124,2025,3,0.926,0.4
00-0040124,2025,4,0.921,0.333
00-0040124,2025,5,0.848,0.235
00-0040124,2025,6,0.926,0.286
00-0040124,2025,7,0.889,0.143
00-0040124,2025,8,0.938,0.444
00-0040124,2025,9,1.0,0.4
00-0040124,2025,10,0.963,0.429
00-0040124,2025,11,0.94,0.267
00-0040124,2025,12,0.912,0.267
00-0040124,2025,13,0.833,0.091
00-0040124,2025,15,0.871,0.091
00-0040124,2025,16,0.889,0.5
00-0040124,2025,17,0.903,0.3
00-0040124,2025,18,0.794,0.19
00-0040126,2025,1,0.442,0.056
00-0040126,2025,2,0.475,0.042
00-0040126,2025,3,0.172,0.176
00-0040126,2025,6,0.394,0.13
00-0040126,2025,7,0.63,0.25
00-0040126,2025,8,0.756,0.12
00-0040126,2025,9,0.795,0.235
00-0040126,2025,10,0.512,0.087
00-0040126,2025,11,0.528,0.095
00-0040126,2025,12,0.595,0.174
00-0040126,2025,13,0.575,0.25
00-0040126,2025,14,0.538,0.083
00-0040126,2025,15,0.562,0.227
00-0040126,2025,16,0.784,0.25
00-0040126,2025,17,0.822,0.19
00-0040126,2025,18,0.771,0.5
00-0040128,2025,1,0.697,0.333
00-0040128,2025,2,0.842,0.241
00-0040128,2025,3,0.889,0.25
00-0040128,2025,4,0.771,0.25
00-0040128,2025,5,0.75,0.174
00-0040128,2025,6,0.818,0.35
00-0040128,2025,7,0.829,0.192
00-0040128,2025,8,0.743,0.19
00-0040128,2025,9,0.818,0.114
00-0040128,2025,10,0.821,0.409
00-0040128,2025,12,0.758,0.214
00-0040128,2025,13,0.821,0.111
00-0040128,2025,14,0.872,0.208
00-0040128,2025,15,0.857,0.261
00-0040128,2025,16,0.895,0.308
00-0040128,2025,17,0.697,0.217
00-0040128,2025,18,0.737,0.174
00-0040129,2025,1,0.919,0.2
00-0040129,2025,2,0.867,0.2
00-0040129,2025,3,0.667,0.35
00-0040129,2025,4,0.93,0.292
00-0040129,2025,5,0.763,0.269
00-0040129,2025,6,0.6,0.25
00-0040129,2025,7,0.796,0.31
00-0040129,2025,8,0.926,0.529
00-0040129,2025,10,0.911,0.385
00-0040129,2025,11,0.97,0.3
00-0040129,2025,12,0.881,0.304
00-0040129,2025,13,0.909,0.353
00-0040129,2025,14,0.857,0.444
00-0040129,2025,15,0.55,0.238
00-0040129,2025,16,0.5,0.056
00-0040129,2025,17,0.46,0.167
00-0040129,2025,18,0.571,0.154
00-0040130,2025,1,0.382,0.1
00-0040130,2025,2,0.367,0.0
00-0040130,2025,3,0.286,0.034
00-0040130,2025,4,0.344,0.053
00-0040130,2025,5,0.457,0.12
00-0040130,2025,7,0.574,0.1
00-0040130,2025,8,0.786,0.233
00-0040130,2025,9,0.404,0.036
00-0040130,2025,10,0.49,0.167
00-0040130,2025,11,0.532,0.207
00-0040130,2025,12,0.677,0.389
00-0040130,2025,13,0.622,0.2
00-0040130,2025,14,0.514,0.176
00-0040130,2025,15,0.645,0.0
00-0040130,2025,16,0.639,0.087
00-0040130,2025,17,0.429,0.19
00-0040130,2025,18,0.879,0.125
00-0040131,2025,1,0.094,0.034
00-0040131,2025,2,0.1,0.0
00-0040131,2025,3,0.17,0.034
00-0040131,2025,4,0.273,0.0
00-0040131,2025,5,0.194,0.0
00-0040131,2025,6,0.226,0.056
00-0040131,2025,7,0.167,0.056
00-0040131,2025,8,0.088,0.0
00-0040131,2025,9,0.475,0.053
00-0040131,2025,10,0.528,0.105
00-0040131,2025,11,0.784,0.111
00-0040131,2025,12,0.051,0.0
00-0040131,2025,13,0.222,0.048
00-0040131,2025,15,0.069,0.0
00-0040131,2025,16,0.294,0.1
00-0040131,2025,17,0.821,0.222
00-0040131,2025,18,0.25,0.0
00-0040134,2025,1,0.047,0.0
00-0040134,2025,2,0.25,0.095
00-0040134,2025,3,0.062,0.0
00-0040134,2025,4,0.318,0.043
00-0040134,2025,5,0.512,0.0
00-0040134,2025,6,0.394,0.05
00-0040134,2025,7,0.327,0.059
00-0040134,2025,8,0.483,0.16
00-0040134,2025,9,0.564,0.136
00-0040134,2025,10,0.733,0.091
00-0040134,2025,11,0.61,0.19
00-0040134,2025,13,0.75,0.238
00-0040134,2025,14,0.674,0.111
00-0040134,2025,16,0.612,0.259
00-0040134,2025,18,0.697,0.25
00-0040138,2025,1,0.382,0.1
00-0040138,2025,2,0.3,0.0
00-0040138,2025,3,0.167,0.034
00-0040138,2025,4,0.281,0.0
00-0040138,2025,5,0.343,0.12
00-0040138,2025,7,0.463,0.167
00-0040138,2025,8,0.452,0.2
00-0040138,2025,9,0.106,0.0
00-0040138,2025,10,0.327,0.111
00-0040138,2025,11,0.298,0.034
00-0040138,2025,12,0.355,0.056
00-0040138,2025,13,0.432,0.0
00-0040138,2025,14,0.457,0.118
00-0040138,2025,15,0.226,0.0
00-0040138,2025,16,0.167,0.0
00-0040138,2025,17,0.214,0.19
00-0040138,2025,18,0.121,0.062
00-0040154,2025,1,0.0,0.0
00-0040154,2025,3,0.069,0.053
00-0040154,2025,4,0.0,0.0
00-0040154,2025,5,0.0,0.0
00-0040154,2025,7,0.0,0.0
00-0040154,2025,8,0.111,0.0
00-0040154,2025,9,0.0,0.0
00-0040154,2025,11,0.0,0.0
00-0040154,2025,12,0.0,0.0
00-0040154,2025,13,0.0,0.0
00-0040154,2025,14,0.138,0.048
00-0040154,2025,15,0.0,0.0
00-0040154,2025,16,0.138,0.056
00-0040154,2025,18,0.088,0.0
00-0040164,2025,1,0.324,0.091
00-0040164,2025,2,0.49,0.095
00-0040164,2025,3,0.364,0.125
00-0040164,2025,4,0.345,0.154
00-0040164,2025,5,0.387,0.059
00-0040164,2025,6,0.343,0.053
00-0040164,2025,7,0.725,0.143
00-0040164,2025,8,0.371,0.118
00-0040164,2025,9,0.571,0.167
00-0040164,2025,10,0.231,0.056
00-0040164,2025,11,0.188,0.048
00-0040164,2025,13,0.309,0.025
00-0040164,2025,14,0.031,0.0
00-0040164,2025,15,0.423,0.0
00-0040164,2025,16,0.0,0.0
00-0040170,2025,1,0.765,0.389
00-0040170,2025,2,0.585,0.19
00-0040170,2025,3,0.667,0.15
00-0040170,2025,4,0.828,0.273
00-0040170,2025,5,0.81,0.115
00-0040170,2025,6,0.791,0.222
00-0040170,2025,7,0.897,0.235
00-0040170,2025,8,0.952,0.333
00-0040170,2025,9,0.692,0.417
00-0040170,2025,11,0.744,0.15
00-0040170,2025,13,0.81,0.192
00-0040170,2025,14,0.586,0.15
00-0040170,2025,15,0.655,0.056
00-0040170,2025,16,0.484,0.167
00-0040170,2025,17,0.804,0.143
00-0040170,2025,18,0.743,0.375
00-0040172,2025,8,0.111,0.095
00-0040172,2025,9,0.214,0.0
00-0040172,2025,10,0.051,0.0
00-0040172,2025,16,0.056,0.0
00-0040184,2025,1,0.171,0.04
00-0040184,2025,2,0.094,0.0
00-0040184,2025,4,0.091,0.0
00-0040184,2025,5,0.154,0.0
00-0040184,2025,6,0.231,0.105
00-0040184,2025,9,0.077,0.062
00-0040184,2025,15,0.303,0.05
00-0040184,2025,16,0.182,0.048
00-0040184,2025,17,0.095,0.059
00-0040184,2025,18,0.32,0.161
00-0040187,2025,1,0.05,0.0
00-0040187,2025,2,0.051,0.0
00-0040187,2025,3,0.185,0.05
00-0040187,2025,4,0.447,0.083
00-0040187,2025,5,0.242,0.059
00-0040187,2025,6,0.333,0.071
00-0040187,2025,7,0.333,0.095
00-0040187,2025,8,0.094,0.0
00-0040187,2025,9,0.217,0.0
00-0040187,2025,10,0.185,0.0
00-0040187,2025,11,0.24,0.067
00-0040187,2025,12,0.088,0.067
00-0040187,2025,13,0.208,0.091
00-0040187,2025,15,0.194,0.0
00-0040187,2025,16,0.167,0.056
00-0040187,2025,17,0.323,0.0
00-0040187,2025,18,0.324,0.095
00-0040189,2025,3,0.283,0.156
00-0040189,2025,4,0.455,0.034
00-0040189,2025,5,0.59,0.043
00-0040189,2025,6,0.692,0.316
00-0040189,2025,7,0.787,0.194
00-0040189,2025,8,0.882,0.231
00-0040189,2025,9,0.846,0.188
00-0040189,2025,10,0.45,0.185
00-0040189,2025,11,0.75,0.286
00-0040189,2025,13,0.679,0.133
00-0040189,2025,14,0.707,0.077
00-0040189,2025,15,0.545,0.15
00-0040189,2025,16,0.697,0.048
00-0040189,2025,17,0.69,0.176
00-0040189,2025,18,0.38,0.065
00-0040194,2025,1,0.039,0.0
00-0040194,2025,2,0.097,0.0
00-0040194,2025,3,0.094,0.0
00-0040194,2025,4,0.143,0.062
00-0040194,2025,5,0.051,0.0
00-0040194,2025,6,0.235,0.0
00-0040194,2025,8,0.24,0.067
00-0040194,2025,9,0.2,0.0
00-0040194,2025,10,0.283,0.045
00-0040194,2025,11,0.094,0.0
00-0040194,2025,12,0.133,0.0
00-0040194,2025,13,0.259,0.0
00-0040194,2025,14,0.083,0.0
00-0040194,2025,15,0.182,0.059
00-0040194,2025,16,0.391,0.083
00-0040194,2025,17,0.071,0.0
00-0040194,2025,18,0.133,0.0
00-0040218,2025,5,0.273,0.176
00-0040218,2025,6,0.185,0.143
00-0040218,2025,7,0.222,0.048
00-0040218,2025,8,0.125,0.056
00-0040218,2025,9,0.304,0.0
00-0040218,2025,10,0.148,0.0
00-0040218,2025,11,0.1,0.0
00-0040218,2025,12,0.235,0.0
00-0040218,2025,13,0.083,0.0
00-0040218,2025,15,0.065,0.091
00-0040218,2025,16,0.167,0.0
00-0040218,2025,17,0.258,0.1
00-0040218,2025,18,0.294,0.0
00-0040225,2025,7,0.054,0.0
00-0040225,2025,9,0.231,0.0
00-0040237,2025,1,0.108,0.05
00-0040237,2025,3,0.212,0.05
00-0040237,2025,4,0.279,0.042
00-0040237,2025,5,0.421,0.154
00-0040237,2025,6,0.84,0.188
00-0040237,2025,7,0.741,0.172
00-0040237,2025,8,0.926,0.176
00-0040237,2025,10,0.778,0.077
00-0040237,2025,11,0.879,0.1
00-0040237,2025,12,0.786,0.13
00-0040237,2025,13,0.545,0.118
00-0040237,2025,14,0.343,0.0
00-0040237,2025,15,0.225,0.048
00-0040237,2025,16,0.167,0.056
00-0040237,2025,17,0.1,0.067
00-0040237,2025,18,0.143,0.077
00-0040241,2025,2,0.0,0.0
00-0040241,2025,3,0.0,0.0
00-0040241,2025,4,0.0,0.0
00-0040241,2025,5,0.0,0.0
00-0040241,2025,6,0.0,0.0
00-0040241,2025,10,0.0,0.0
00-0040241,2025,11,0.0,0.0
00-0040241,2025,14,0.0,0.0
00-0040244,2025,1,0.0,0.0
00-0040244,2025,2,0.0,0.0
00-0040244,2025,4,0.0,0.0
00-0040244,2025,16,0.13,0.0
00-0040244,2025,17,0.29,0.053
00-0040244,2025,18,0.071,0.0
00-0040259,2025,5,0.029,0.0
00-0040259,2025,6,0.207,0.083
00-0040259,2025,7,0.174,0.077
00-0040259,2025,8,0.526,0.0
00-0040259,2025,10,0.233,0.0
00-0040259,2025,11,0.121,0.059
00-0040259,2025,12,0.143,0.0
00-0040259,2025,13,0.4,0.2
00-0040259,2025,14,0.34,0.111
00-0040259,2025,15,0.643,0.095
00-0040259,2025,16,0.135,0.0
00-0040259,2025,17,0.107,0.0
00-0040259,2025,18,0.133,0.0
00-0040277,2025,4,0.0,0.0
00-0040277,2025,8,0.024,0.0
00-0040277,2025,9,0.045,0.0
00-0040277,2025,14,0.026,0.0
00-0040277,2025,16,0.243,0.083
00-0040277,2025,17,0.689,0.048
00-0040277,2025,18,0.371,0.091
00-0040311,2025,16,0.419,0.174
00-0040311,2025,17,0.32,0.062
00-0040311,2025,18,0.367,0.211
00-0040315,2025,6,0.057,0.0
00-0040317,2025,11,0.062,0.048
00-0040352,2025,15,0.0,0.0
00-0040352,2025,16,0.026,0.038
00-0040363,2025,11,0.125,0.0
00-0040363,2025,12,0.044,0.0
00-0040363,2025,13,0.037,0.0
00-0040363,2025,17,0.19,0.0
00-0040363,2025,18,0.533,0.1
00-0040387,2025,13,0.032,0.0
00-0040387,2025,18,0.0,0.0
00-0040388,2025,18,0.824,0.4
00-0040390,2025,4,0.0,0.0
00-0040390,2025,11,0.0,0.0
00-0040406,2025,18,0.333,0.1
00-0040431,2025,11,0.0,0.0
00-0040431,2025,12,0.0,0.0
00-0040431,2025,13,0.033,0.0
00-0040431,2025,15,0.045,0.0
00-0040431,2025,17,0.0,0.0
00-0040431,2025,18,0.025,0.0
00-0040432,2025,1,0.022,0.0
00-0040432,2025,2,0.0,0.0
00-0040432,2025,3,0.079,0.0
00-0040432,2025,4,0.267,0.0
00-0040432,2025,5,0.378,0.115
00-0040432,2025,6,0.061,0.0
00-0040432,2025,7,0.054,0.05
00-0040432,2025,8,0.29,0.077
00-0040432,2025,9,0.0,0.0
00-0040488,2025,5,0.024,0.0
00-0040488,2025,6,0.0,0.0
00-0040488,2025,7,0.1,0.083
00-0040488,2025,11,0.0,0.0
00-0040488,2025,12,0.0,0.0
00-0040488,2025,13,0.0,0.0
00-0040488,2025,14,0.027,0.0
00-0040488,2025,16,0.038,0.0
00-0040488,2025,17,0.0,0.0
00-0040488,2025,18,0.065,0.0
00-0040506,2025,1,0.0,0.0
00-0040506,2025,2,0.0,0.0
00-0040506,2025,3,0.034,0.0
00-0040506,2025,4,0.0,0.0
00-0040506,2025,5,0.0,0.0
00-0040506,2025,7,0.0,0.0
00-0040506,2025,8,0.0,0.0
00-0040506,2025,9,0.0,0.0
00-0040506,2025,10,0.0,0.0
00-0040506,2025,11,0.0,0.0
00-0040506,2025,12,0.0,0.0
00-0040506,2025,13,0.0,0.0
00-0040506,2025,14,0.0,0.0
00-0040506,2025,15,0.0,0.0
00-0040506,2025,16,0.0,0.0
00-0040506,2025,17,0.0,0.0
00-0040509,2025,1,0.042,0.0
00-0040509,2025,2,0.033,0.0
00-0040509,2025,3,0.069,0.0
00-0040509,2025,7,0.0,0.0
00-0040509,2025,8,0.194,0.1
00-0040509,2025,9,0.032,0.0
00-0040509,2025,10,0.0,0.0
00-0040509,2025,11,0.0,0.0
00-0040509,2025,15,0.0,0.0
00-0040509,2025,16,0.0,0.0
00-0040509,2025,17,0.08,0.0
00-0040509,2025,18,0.118,0.0
00-0040522,2025,12,0.28,0.2
00-0040522,2025,13,0.167,0.038
00-0040534,2025,6,0.0,0.0
00-0040534,2025,7,0.0,0.0
00-0040534,2025,8,0.0,0.0
00-0040534,2025,9,0.0,0.0
00-0040534,2025,10,0.0,0.0
00-0040534,2025,11,0.0,0.0
00-0040534,2025,12,0.0,0.0
00-0040534,2025,13,0.0,0.0
00-0040534,2025,16,0.0,0.0
00-0040534,2025,17,0.0,0.0
00-0040534,2025,18,0.0,0.0
00-0040563,2025,6,0.0,0.0
00-0040563,2025,7,0.056,0.0
00-0040563,2025,9,0.05,0.0
00-0040563,2025,10,0.028,0.0
00-0040563,2025,11,0.027,0.0
00-0040563,2025,13,0.0,0.0
00-0040563,2025,17,0.643,0.111
00-0040563,2025,18,0.286,0.067
00-0040566,2025,17,0.071,0.0
00-0040566,2025,18,0.036,0.0
00-0040581,2025,1,0.553,0.25
00-0040581,2025,2,0.833,0.176
00-0040581,2025,3,0.676,0.25
00-0040581,2025,4,0.636,0.125
00-0040581,2025,5,0.561,0.095
00-0040581,2025,6,0.0,0.0
00-0040581,2025,7,0.7,0.25
00-0040581,2025,10,0.514,0.133
00-0040581,2025,11,0.347,0.0
00-0040581,2025,12,0.268,0.069
00-0040581,2025,13,0.286,0.118
00-0040581,2025,15,0.033,0.0
00-0040581,2025,16,0.115,0.0
00-0040581,2025,17,0.6,0.15
00-0040581,2025,18,0.194,0.077
00-0040582,2025,1,0.12,0.0
00-0040582,2025,2,0.613,0.143
00-0040582,2025,3,0.739,0.083
00-0040582,2025,4,0.457,0.0
00-0040582,2025,5,0.623,0.053
00-0040582,2025,6,0.759,0.083
00-0040582,2025,7,0.886,0.158
00-0040582,2025,8,0.378,0.042
00-0040582,2025,10,0.5,0.0
00-0040582,2025,11,0.212,0.0
00-0040582,2025,12,0.206,0.0
00-0040582,2025,14,0.025,0.0
00-0040582,2025,15,0.171,0.083
00-0040582,2025,16,0.159,0.059
00-0040582,2025,17,0.171,0.0
00-0040582,2025,18,0.25,0.0
00-0040584,2025,1,0.176,0.111
00-0040584,2025,2,0.244,0.048
00-0040584,2025,3,0.311,0.15
00-0040584,2025,4,0.379,0.091
00-0040584,2025,5,0.548,0.154
00-0040584,2025,6,0.349,0.056
00-0040584,2025,7,0.359,0.235
00-0040584,2025,8,0.452,0.095
00-0040584,2025,9,0.269,0.0
00-0040584,2025,11,0.488,0.15
00-0040584,2025,12,0.4,0.15
00-0040584,2025,13,0.524,0.231
00-0040584,2025,14,0.379,0.1
00-0040584,2025,15,0.31,0.167
00-0040584,2025,16,0.323,0.125
00-0040584,2025,17,0.391,0.048
00-0040590,2025,1,0.094,0.0
00-0040590,2025,2,0.059,0.0
00-0040590,2025,3,0.0,0.0
00-0040590,2025,4,0.045,0.0
00-0040590,2025,5,0.106,0.0
00-0040590,2025,6,0.241,0.143
00-0040590,2025,7,0.235,0.0
00-0040590,2025,9,0.147,0.0
00-0040590,2025,10,0.324,0.048
00-0040590,2025,11,0.036,0.0
00-0040590,2025,12,0.333,0.0
00-0040590,2025,13,0.4,0.0
00-0040590,2025,14,0.258,0.043
00-0040590,2025,15,0.439,0.031
00-0040590,2025,16,0.49,0.111
00-0040590,2025,17,0.683,0.13
00-0040590,2025,18,0.439,0.0
00-0040628,2025,17,0.094,0.0
00-0040628,2025,18,0.353,0.0
00-0040629,2025,3,0.0,0.0
00-0040629,2025,4,0.132,0.0
00-0040646,2025,4,0.075,0.0
00-0040646,2025,5,0.022,0.0
00-0040646,2025,6,0.0,0.0
00-0040646,2025,7,0.0,0.0
00-0040646,2025,16,0.0,0.0
00-0040646,2025,17,0.042,0.0
00-0040646,2025,18,0.65,0.111
00-0040648,2025,1,0.583,0.0
00-0040648,2025,2,0.486,0.13
00-0040648,2025,3,0.619,0.273
00-0040648,2025,4,0.367,0.111
00-0040648,2025,5,0.471,0.08
00-0040648,2025,6,0.586,0.05
00-0040648,2025,7,0.514,0.15
00-0040648,2025,9,0.833,0.214
00-0040653,2025,9,0.0,0.0
00-0040653,2025,10,0.0,0.0
00-0040663,2025,1,0.604,0.24
00-0040663,2025,2,0.608,0.179
00-0040663,2025,3,0.459,0.125
00-0040663,2025,4,0.605,0.167
00-0040663,2025,5,0.486,0.143
00-0040663,2025,6,0.741,0.194
00-0040663,2025,7,0.826,0.308
00-0040663,2025,8,0.632,0.222
00-0040663,2025,10,0.744,0.222
00-0040663,2025,11,0.485,0.235
00-0040663,2025,12,0.667,0.25
00-0040663,2025,13,0.9,0.2
00-0040663,2025,14,0.851,0.333
00-0040663,2025,15,0.881,0.476
00-0040663,2025,16,0.73,0.333
00-0040663,2025,17,0.25,0.143
00-0040667,2025,1,0.522,0.143
00-0040667,2025,2,0.647,0.05
00-0040667,2025,3,0.742,0.222
00-0040667,2025,4,0.652,0.185
00-0040667,2025,6,0.656,0.222
00-0040667,2025,7,0.758,0.211
00-0040667,2025,8,0.703,0.087
00-0040667,2025,9,0.395,0.087
00-0040667,2025,11,0.379,0.067
00-0040667,2025,14,0.154,0.083
00-0040667,2025,15,0.37,0.105
00-0040667,2025,16,0.258,0.0
00-0040667,2025,17,0.562,0.158
00-0040667,2025,18,0.882,0.6
00-0040669,2025,1,0.07,0.048
00-0040669,2025,2,0.379,0.053
00-0040669,2025,3,0.345,0.095
00-0040669,2025,4,0.222,0.0
00-0040669,2025,5,0.429,0.056
00-0040669,2025,6,0.581,0.0
00-0040669,2025,7,0.176,0.05
00-0040669,2025,9,0.048,0.0
00-0040669,2025,10,0.229,0.036
00-0040669,2025,11,0.436,0.0
00-0040669,2025,12,0.488,0.032
00-0040669,2025,13,0.839,0.125
00-0040669,2025,14,0.771,0.111
00-0040669,2025,15,0.595,0.034
00-0040669,2025,16,0.526,0.179
00-0040669,2025,17,0.676,0.211
00-0040669,2025,18,0.6,0.0
00-0040705,2025,1,0.147,0.056
00-0040705,2025,2,0.39,0.143
00-0040705,2025,3,0.333,0.15
00-0040705,2025,4,0.276,0.0
00-0040705,2025,5,0.381,0.192
00-0040705,2025,6,0.581,0.111
00-0040705,2025,7,0.667,0.176
00-0040705,2025,8,0.881,0.238
00-0040705,2025,9,0.923,0.083
00-0040705,2025,11,0.256,0.15
00-0040705,2025,12,0.86,0.3
00-0040705,2025,13,0.786,0.154
00-0040705,2025,14,0.759,0.3
00-0040705,2025,15,0.724,0.222
00-0040705,2025,16,0.452,0.167
00-0040705,2025,17,0.783,0.238
00-0040705,2025,18,0.686,0.125
00-0040727,2025,1,0.122,0.04
00-0040727,2025,2,0.25,0.1
00-0040727,2025,3,0.264,0.031
00-0040727,2025,4,0.136,0.0
00-0040727,2025,5,0.333,0.0
00-0040727,2025,6,0.846,0.158
00-0040727,2025,7,0.344,0.032
00-0040727,2025,8,0.324,0.0
00-0040727,2025,9,0.359,0.125
00-0040727,2025,10,0.225,0.074
00-0040727,2025,11,0.5,0.071
00-0040727,2025,13,0.393,0.267
00-0040727,2025,14,0.293,0.077
00-0040727,2025,15,0.758,0.25
00-0040727,2025,16,0.515,0.19
00-0040727,2025,17,0.357,0.059
00-0040727,2025,18,0.86,0.161
00-0040729,2025,1,0.053,0.0
00-0040729,2025,2,0.083,0.0
00-0040729,2025,3,0.206,0.0
00-0040729,2025,4,0.0,0.0
00-0040729,2025,5,0.39,0.048
00-0040729,2025,6,0.8,0.0
00-0040729,2025,7,0.6,0.167
00-0040729,2025,9,0.0,0.0
00-0040729,2025,10,0.2,0.067
00-0040729,2025,11,0.143,0.043
00-0040729,2025,12,0.107,0.0
00-0040729,2025,13,0.5,0.176
00-0040729,2025,14,0.784,0.286
00-0040729,2025,15,0.733,0.214
00-0040729,2025,16,0.692,0.176
00-0040729,2025,18,0.452,0.077
00-0040735,2025,1,0.209,0.056
00-0040735,2025,2,0.125,0.083
00-0040735,2025,3,0.31,0.118
00-0040735,2025,4,0.268,0.105
00-0040735,2025,6,0.394,0.13
00-0040735,2025,7,0.333,0.062
00-0040735,2025,8,0.122,0.04
00-0040735,2025,10,0.463,0.13
00-0040735,2025,11,0.611,0.238
00-0040735,2025,12,0.541,0.174
00-0040735,2025,13,0.475,0.25
00-0040735,2025,14,0.641,0.333
00-0040735,2025,15,0.5,0.273
00-0040735,2025,17,0.556,0.333
00-0040735,2025,18,0.657,0.182
00-0040736,2025,1,0.8,0.091
00-0040736,2025,2,0.71,0.071
00-0040736,2025,3,0.652,0.125
00-0040736,2025,4,0.743,0.333
00-0040736,2025,5,0.811,0.263
00-0040736,2025,6,0.862,0.083
00-0040736,2025,7,0.818,0.158
00-0040736,2025,8,0.757,0.292
00-0040736,2025,10,0.562,0.25
00-0040736,2025,11,0.545,0.143
00-0040736,2025,12,0.735,0.833
00-0040736,2025,13,0.61,0.4
00-0040736,2025,14,0.6,0.5
00-0040737,2025,2,0.088,0.0
00-0040737,2025,5,0.064,0.032
00-0040737,2025,6,0.276,0.0
00-0040737,2025,7,0.353,0.091
00-0040737,2025,9,0.294,0.12
00-0040737,2025,10,0.351,0.19
00-0040737,2025,11,0.143,0.0
00-0040737,2025,12,0.222,0.043
00-0040737,2025,13,0.2,0.111
00-0040737,2025,14,0.419,0.043
00-0040737,2025,15,0.707,0.062
00-0040737,2025,16,0.686,0.148
00-0040737,2025,17,0.439,0.13
00-0040739,2025,1,0.292,0.0
00-0040739,2025,2,0.486,0.13
00-0040739,2025,3,0.286,0.0
00-0040739,2025,4,0.533,0.167
00-0040739,2025,5,0.412,0.04
00-0040739,2025,6,0.483,0.1
00-0040739,2025,7,0.371,0.15
00-0040739,2025,9,0.417,0.143
00-0040739,2025,10,0.462,0.167
00-0040739,2025,11,0.311,0.0
00-0040739,2025,12,0.185,0.067
00-0040739,2025,13,0.233,0.0
00-0040739,2025,14,0.118,0.0
00-0040782,2025,1,0.229,0.04
00-0040782,2025,2,0.392,0.036
00-0040782,2025,3,0.568,0.125
00-0040782,2025,4,0.711,0.208
00-0040782,2025,5,0.771,0.143
00-0040782,2025,6,0.862,0.139
00-0040782,2025,7,0.565,0.0
00-0040782,2025,8,0.447,0.167
00-0040782,2025,11,0.455,0.0
00-0040782,2025,12,0.429,0.083
00-0040782,2025,13,0.367,0.067
00-0040782,2025,14,0.532,0.111
00-0040782,2025,15,0.738,0.19
00-0040782,2025,16,0.541,0.0
00-0040782,2025,17,0.321,0.071
00-0040782,2025,18,0.633,0.2
